relation_id,source_type,target_type,relation_kind,properties_json,brand_layer,source_pack_id
RE-CustomerScenario-supports_training-TrainingMaterial-cs01,CustomerScenario,TrainingMaterial,supports_training,"{""format"":""branching_scenario|do_dont_contrast""}",domain_general,KP-service_judgment-comfort-sensitive-trigger
RE-DisplayGuide-requires_inventory_state-InventoryState-full01,DisplayGuide,InventoryState,requires_inventory_state,"{""polarity"":""allow"",""values"":[""full_look_ready"",""new_arrival_complete"",""core_push_deep_stock""]}",domain_general,KP-display_rule-full-look-no-broken-size
RE-DisplayGuide-requires_inventory_state-InventoryState-full02,DisplayGuide,InventoryState,requires_inventory_state,"{""polarity"":""forbid"",""values"":[""broken_size_partial"",""clearance_tail_stock"",""pseudo_full_look_main_broken""]}",domain_general,KP-display_rule-full-look-no-broken-size
RE-DisplayGuide-governed_by_rule-StylingRule-full01,DisplayGuide,StylingRule,governed_by_rule,"{""note"":""成套陈列必须回指 StylingRule 不得凭审美硬搭""}",domain_general,KP-display_rule-full-look-no-broken-size
RE-Category-has_attribute-Attribute-shared01,Category,Attribute,has_attribute,"{""required"":[""color"",""material"",""fit"",""length"",""season"",""occasion""],""polarity"":""all_categories""}",domain_general,KP-product_attribute-shared-6-decision-dims
RE-DisplayGuide-has_attribute-Attribute-displayaxis01,DisplayGuide,Attribute,has_attribute,"{""role"":""display_axis"",""required_min"":1,""allowed"":[""color"",""Collection"",""Category"",""length"",""fit"",""season"",""pattern"",""occasion""]}",domain_general,KP-display_rule-attribute-driven-display
RE-Product-supports_training-TrainingMaterial-displayfields01,Product,TrainingMaterial,supports_training,"{""via_fields"":[""fabric_story"",""craft_story"",""designer_note"",""care_instruction"",""selling_points_copy"",""model_reference""]}",domain_general,KP-product_attribute-display-only-fields
RE-StylingRule-supports_styling-Product-prop3701,StylingRule,Product,supports_styling,"{""rule_level"":""hard_rule"",""priority"":""first_line""}",domain_general,KP-styling_rule-proportion-split-37
RE-StylingRule-supports_training-TrainingMaterial-prop3702,StylingRule,TrainingMaterial,supports_training,"{""training_use"":""试衣间纠错第一条""}",domain_general,KP-styling_rule-proportion-split-37
RE-StylingRule-supports_display-DisplayGuide-prop3703,StylingRule,DisplayGuide,supports_display,"{""display_use"":""主推人台先做上短下长/内短外长""}",domain_general,KP-styling_rule-proportion-split-37
RE-StylingRule-supports_styling-Product-silh01,StylingRule,Product,supports_styling,"{""rule_level"":""hard_rule"",""focus"":""silhouette_volume""}",domain_general,KP-styling_rule-silhouette-balance
RE-StylingRule-supports_display-DisplayGuide-silh02,StylingRule,DisplayGuide,supports_display,"{""display_use"":""整组挂场必须量感对比""}",domain_general,KP-styling_rule-silhouette-balance
RE-StylingRule-supports_training-TrainingMaterial-silh03,StylingRule,TrainingMaterial,supports_training,"{""training_use"":""教员工识别顾客为什么觉得自己穿大了""}",domain_general,KP-styling_rule-silhouette-balance
RE-StylingRule-supports_styling-Product-waist01,StylingRule,Product,supports_styling,"{""rule_level"":""hard_rule"",""focus"":""waistline""}",domain_general,KP-styling_rule-waistline-anchor
RE-StylingRule-supports_display-DisplayGuide-waist02,StylingRule,DisplayGuide,supports_display,"{""display_use"":""显高显瘦主题位必用""}",domain_general,KP-styling_rule-waistline-anchor
RE-StylingRule-fits_customer_scenario-CustomerScenario-waist03,StylingRule,CustomerScenario,fits_customer_scenario,"{""customer_types"":[""pear"",""h_shape"",""petite"",""postpartum"",""commuter""]}",domain_general,KP-styling_rule-waistline-anchor
RE-StylingRule-supports_styling-Product-foc01,StylingRule,Product,supports_styling,"{""rule_level"":""hard_rule"",""focus"":""single_focus""}",domain_general,KP-styling_rule-one-focus
RE-StylingRule-supports_display-DisplayGuide-foc02,StylingRule,DisplayGuide,supports_display,"{""display_use"":""橱窗与人台必须有明确主角""}",domain_general,KP-styling_rule-one-focus
RE-StylingRule-supports_styling-Product-echo01,StylingRule,Product,supports_styling,"{""rule_level"":""hard_rule"",""focus"":""color_arrangement""}",domain_general,KP-styling_rule-color-echo
RE-StylingRule-supports_display-DisplayGuide-echo02,StylingRule,DisplayGuide,supports_display,"{""display_use"":""挂场按色阶/温度/系列分组""}",domain_general,KP-styling_rule-color-echo
RE-StylingRule-supports_training-TrainingMaterial-echo03,StylingRule,TrainingMaterial,supports_training,"{""training_use"":""教新员工理解为什么有些搭配看着散""}",domain_general,KP-styling_rule-color-echo
RE-StylingRule-supports_styling-Product-neut01,StylingRule,Product,supports_styling,"{""rule_level"":""soft_rule"",""focus"":""color_safety""}",domain_general,KP-styling_rule-neutral-plus-accent
RE-StylingRule-supports_display-DisplayGuide-neut02,StylingRule,DisplayGuide,supports_display,"{""display_use"":""安全成交墙""}",domain_general,KP-styling_rule-neutral-plus-accent
RE-StylingRule-supports_training-TrainingMaterial-neut03,StylingRule,TrainingMaterial,supports_training,"{""training_use"":""新导购第一套安全盘""}",domain_general,KP-styling_rule-neutral-plus-accent
RE-StylingRule-supports_styling-Product-strd01,StylingRule,Product,supports_styling,"{""rule_level"":""soft_rule"",""focus"":""material_contrast""}",domain_general,KP-styling_rule-structure-drape
RE-StylingRule-uses_fabric_knowledge-FabricKnowledge-strd02,StylingRule,FabricKnowledge,uses_fabric_knowledge,"{""requires"":""material_role_classification""}",domain_general,KP-styling_rule-structure-drape
RE-StylingRule-supports_display-DisplayGuide-strd03,StylingRule,DisplayGuide,supports_display,"{""display_use"":""相邻陈列要有材质起伏""}",domain_general,KP-styling_rule-structure-drape
RE-StylingRule-supports_styling-Product-prem01,StylingRule,Product,supports_styling,"{""rule_level"":""soft_rule"",""focus"":""premium_neutralization""}",domain_general,KP-styling_rule-premium-item-neutralization
RE-StylingRule-supports_display-DisplayGuide-prem02,StylingRule,DisplayGuide,supports_display,"{""display_use"":""难卖主推款必须和基础款一起出""}",domain_general,KP-styling_rule-premium-item-neutralization
RE-StylingRule-supports_training-TrainingMaterial-prem03,StylingRule,TrainingMaterial,supports_training,"{""training_use"":""教员工把好看但不敢买拉回成交区""}",domain_general,KP-styling_rule-premium-item-neutralization
RE-StylingRule-supports_styling-Product-face01,StylingRule,Product,supports_styling,"{""rule_level"":""soft_rule"",""focus"":""near_face_brightness""}",domain_general,KP-styling_rule-face-brightness
RE-StylingRule-supports_display-DisplayGuide-face02,StylingRule,DisplayGuide,supports_display,"{""display_use"":""近脸单品放在试镜区附近""}",domain_general,KP-styling_rule-face-brightness
RE-StylingRule-supports_training-TrainingMaterial-face03,StylingRule,TrainingMaterial,supports_training,"{""training_use"":""训练先看脸再看身""}",domain_general,KP-styling_rule-face-brightness
RE-StylingRule-supports_styling-Product-form01,StylingRule,Product,supports_styling,"{""rule_level"":""hard_rule"",""focus"":""formality_alignment""}",domain_general,KP-styling_rule-formality-consistency
RE-StylingRule-supports_display-DisplayGuide-form02,StylingRule,DisplayGuide,supports_display,"{""display_use"":""商务区/婚礼区/周末休闲区分开""}",domain_general,KP-styling_rule-formality-consistency
RE-StylingRule-supports_training-TrainingMaterial-form03,StylingRule,TrainingMaterial,supports_training,"{""training_use"":""教员工识别为什么这套不高级因为场合错位""}",domain_general,KP-styling_rule-formality-consistency
RE-StylingRule-supports_styling-Product-mens01,StylingRule,Product,supports_styling,"{""rule_level"":""hard_rule"",""gender"":""menswear"",""focus"":""belt_shoe_match""}",domain_general,KP-styling_rule-menswear-belt-shoe
RE-StylingRule-supports_display-DisplayGuide-mens02,StylingRule,DisplayGuide,supports_display,"{""display_use"":""男装人台必须鞋、腰带、包一起配完整""}",domain_general,KP-styling_rule-menswear-belt-shoe
RE-StylingRule-fits_customer_scenario-CustomerScenario-spri01,StylingRule,CustomerScenario,fits_customer_scenario,"{""focus"":""single_concern_priority""}",domain_general,KP-styling_rule-single-problem-priority
RE-StylingRule-supports_training-TrainingMaterial-spri02,StylingRule,TrainingMaterial,supports_training,"{""training_use"":""最适合做情境题""}",domain_general,KP-styling_rule-single-problem-priority
RE-StylingRule-supports_display-DisplayGuide-spri03,StylingRule,DisplayGuide,supports_display,"{""display_use"":""显高组/显瘦组/通勤组/贵价救场组分墙""}",domain_general,KP-styling_rule-single-problem-priority
RE-StylingRule-requires_inventory_state-InventoryState-subst01,StylingRule,InventoryState,requires_inventory_state,"{""focus"":""substitution_priority_ladder""}",domain_general,KP-styling_rule-substitution-priority-ladder
RE-StylingRule-supports_training-TrainingMaterial-subst02,StylingRule,TrainingMaterial,supports_training,"{""training_use"":""stock_out_substitution_drill""}",domain_general,KP-styling_rule-substitution-priority-ladder
RE-StylingRule-supports_styling-Product-subst03,StylingRule,Product,supports_styling,"{""focus"":""substitute_function_over_appearance""}",domain_general,KP-styling_rule-substitution-priority-ladder
RE-StylingRule-supports_display-DisplayGuide-unsel01,StylingRule,DisplayGuide,supports_display,"{""display_use"":""主推墙上墙前反向自检""}",domain_general,KP-styling_rule-looks-good-but-unsellable
RE-StylingRule-supports_training-TrainingMaterial-unsel02,StylingRule,TrainingMaterial,supports_training,"{""training_use"":""sellable_vs_unsellable_set 对照""}",domain_general,KP-styling_rule-looks-good-but-unsellable
RE-StylingRule-supports_styling-Product-unsel03,StylingRule,Product,supports_styling,"{""focus"":""anti_pattern_screening""}",domain_general,KP-styling_rule-looks-good-but-unsellable
RE-TrainingMaterial-spoken_by_role-RoleProfile-tm01,TrainingMaterial,RoleProfile,spoken_by_role,"{""roles"":[""sales_associate"",""store_manager""],""role_layer"":""frontline""}",domain_general,KP-training_unit-microlearning-not-long-course
RE-TrainingMaterial-spoken_by_role-RoleProfile-tm02,TrainingMaterial,RoleProfile,spoken_by_role,"{""roles"":[""store_manager""],""role_layer"":""frontline""}",domain_general,KP-training_unit-priority-by-impact-frequency-trust
RE-TrainingMaterial-spoken_by_role-RoleProfile-tm03,TrainingMaterial,RoleProfile,spoken_by_role,"{""roles"":[""store_manager"",""sales_associate""],""role_layer"":""frontline""}",domain_general,KP-training_unit-standard-action-vs-judgment-skill
RE-TrainingMaterial-spoken_by_role-RoleProfile-tm04,TrainingMaterial,RoleProfile,spoken_by_role,"{""roles"":[""sales_associate""],""role_layer"":""frontline""}",domain_general,KP-training_unit-customer-first-look-judgment
RE-TrainingMaterial-fits_customer_scenario-CustomerScenario-tm04,TrainingMaterial,CustomerScenario,fits_customer_scenario,"{""scenario"":""first_look_intake""}",domain_general,KP-training_unit-customer-first-look-judgment
RE-TrainingMaterial-spoken_by_role-RoleProfile-tm05,TrainingMaterial,RoleProfile,spoken_by_role,"{""roles"":[""sales_associate""],""role_layer"":""frontline""}",domain_general,KP-training_unit-try-on-guidance-one-main-one-backup
RE-TrainingMaterial-spoken_by_role-RoleProfile-tm06,TrainingMaterial,RoleProfile,spoken_by_role,"{""roles"":[""sales_associate""],""role_layer"":""frontline""}",domain_general,KP-training_unit-body-shape-objection-structure-points
RE-TrainingMaterial-spoken_by_role-RoleProfile-tm07,TrainingMaterial,RoleProfile,spoken_by_role,"{""roles"":[""sales_associate""],""role_layer"":""frontline""}",domain_general,KP-training_unit-fabric-touch-before-spec
RE-TrainingMaterial-spoken_by_role-RoleProfile-tm08,TrainingMaterial,RoleProfile,spoken_by_role,"{""roles"":[""sales_associate"",""store_manager""],""role_layer"":""frontline""}",domain_general,KP-training_unit-styling-error-top-priority-eight
RE-TrainingMaterial-spoken_by_role-RoleProfile-tm09,TrainingMaterial,RoleProfile,spoken_by_role,"{""roles"":[""sales_associate"",""warehouse_supervisor""],""role_layer"":""frontline""}",domain_general,KP-training_unit-substitution-honest-disclosure
RE-TrainingMaterial-requires_inventory_state-InventoryState-tm09,TrainingMaterial,InventoryState,requires_inventory_state,"{""states"":[""size_broken"",""color_broken"",""set_incomplete""]}",domain_general,KP-training_unit-substitution-honest-disclosure
RE-TrainingMaterial-spoken_by_role-RoleProfile-tm10,TrainingMaterial,RoleProfile,spoken_by_role,"{""roles"":[""store_manager""],""role_layer"":""frontline""}",domain_general,KP-training_unit-on-floor-four-layer-assessment
RE-TrainingMaterial-spoken_by_role-RoleProfile-tm11,TrainingMaterial,RoleProfile,spoken_by_role,"{""roles"":[""store_manager""],""role_layer"":""frontline""}",domain_general,KP-training_unit-auto-trigger-rules
RE-TrainingMaterial-spoken_by_role-RoleProfile-tm12-core,TrainingMaterial,RoleProfile,spoken_by_role,"{""roles"":[""store_manager"",""sales_associate"",""warehouse_supervisor""],""role_layer"":""frontline"",""priority"":""primary""}",domain_general,KP-training_unit-role-binding-frontline-priority
RE-TrainingMaterial-spoken_by_role-RoleProfile-tm12-sec,TrainingMaterial,RoleProfile,spoken_by_role,"{""roles"":[""merchandising_director"",""designer"",""sample_worker""],""role_layer"":""headquarters"",""priority"":""secondary""}",domain_general,KP-training_unit-role-binding-frontline-priority
RE-TrainingMaterial-spoken_by_role-RoleProfile-tm13,TrainingMaterial,RoleProfile,spoken_by_role,"{""roles"":[""sales_associate""],""role_layer"":""frontline""}",domain_general,KP-training_unit-color-hesitation-disambiguation
RE-DisplayGuide-requires_inventory_state-InventoryState-window01,DisplayGuide,InventoryState,requires_inventory_state,"{""polarity"":""allow"",""values"":[""new_arrival_complete"",""core_push_deep_stock"",""full_look_ready""]}",domain_general,KP-display_rule-window-display-purpose
RE-DisplayGuide-supports_training-TrainingMaterial-window01,DisplayGuide,TrainingMaterial,supports_training,"{""tier_split"":{""senior"":""换窗节奏"",""novice"":""单主题单焦点""}}",domain_general,KP-display_rule-window-display-purpose
RE-DisplayGuide-requires_inventory_state-InventoryState-mannequin01,DisplayGuide,InventoryState,requires_inventory_state,"{""polarity"":""allow"",""values"":[""full_look_ready"",""new_arrival_complete"",""core_push_deep_stock""]}",domain_general,KP-display_rule-mannequin-display-purpose
RE-DisplayGuide-governed_by_rule-StylingRule-mannequin01,DisplayGuide,StylingRule,governed_by_rule,"{""note"":""模特身上的 look 必须回指 StylingRule""}",domain_general,KP-display_rule-mannequin-display-purpose
RE-DisplayGuide-requires_inventory_state-InventoryState-front01,DisplayGuide,InventoryState,requires_inventory_state,"{""polarity"":""allow"",""values"":[""new_arrival_complete"",""core_push_deep_stock"",""basic_replenishable""]}",domain_general,KP-display_rule-front-hanging-purpose
RE-DisplayGuide-supports_training-TrainingMaterial-front01,DisplayGuide,TrainingMaterial,supports_training,"{""tier"":""novice_priority"",""format"":""do_dont_contrast|daily_review""}",domain_general,KP-display_rule-front-hanging-purpose
RE-DisplayGuide-requires_inventory_state-InventoryState-side01,DisplayGuide,InventoryState,requires_inventory_state,"{""polarity"":""allow"",""values"":[""core_push_deep_stock"",""basic_replenishable""]}",domain_general,KP-display_rule-side-hanging-purpose
RE-DisplayGuide-supports_training-TrainingMaterial-side01,DisplayGuide,TrainingMaterial,supports_training,"{""tier"":""novice_priority"",""note"":""日常维护基本功""}",domain_general,KP-display_rule-side-hanging-purpose
RE-DisplayGuide-requires_inventory_state-InventoryState-folded01,DisplayGuide,InventoryState,requires_inventory_state,"{""polarity"":""allow"",""values"":[""core_push_deep_stock"",""basic_replenishable"",""clearance_tail_stock_basic""]}",domain_general,KP-display_rule-folded-display-purpose
RE-DisplayGuide-supports_training-TrainingMaterial-folded01,DisplayGuide,TrainingMaterial,supports_training,"{""tier"":""novice_priority"",""format"":""top_down_workbench|do_dont_contrast|before_after_timelapse""}",domain_general,KP-display_rule-folded-display-purpose
RE-CustomerScenario-supports_training-TrainingMaterial-urg01,CustomerScenario,TrainingMaterial,supports_training,"{""format"":""branching_scenario|do_dont_contrast"",""scenario"":""urgent_full_look""}",domain_general,KP-service_judgment-urgent-full-look
RE-CustomerScenario-supports_training-TrainingMaterial-com01,CustomerScenario,TrainingMaterial,supports_training,"{""format"":""do_dont_contrast"",""scenario"":""commute_mainstay""}",domain_general,KP-service_judgment-commute-mainstay
RE-CustomerScenario-supports_training-TrainingMaterial-wkn01,CustomerScenario,TrainingMaterial,supports_training,"{""format"":""branching_scenario|pre_shift_micro_coaching"",""scenario"":""weekend_social""}",domain_general,KP-service_judgment-weekend-social
RE-CustomerScenario-supports_training-TrainingMaterial-shp01,CustomerScenario,TrainingMaterial,supports_training,"{""format"":""branching_scenario|error_replay"",""scenario"":""shape_correction""}",domain_general,KP-service_judgment-shape-correction
RE-CustomerScenario-supports_training-TrainingMaterial-rms01,CustomerScenario,TrainingMaterial,supports_training,"{""format"":""branching_scenario|do_dont_contrast"",""scenario"":""ready_made_full_set""}",domain_general,KP-service_judgment-ready-made-full-set
RE-CustomerScenario-supports_training-TrainingMaterial-fgf01,CustomerScenario,TrainingMaterial,supports_training,"{""format"":""pre_shift_micro_coaching|do_dont_contrast"",""scenario"":""functional_gap_fill""}",domain_general,KP-service_judgment-functional-gap-fill
RE-CustomerScenario-supports_training-TrainingMaterial-nis01,CustomerScenario,TrainingMaterial,supports_training,"{""format"":""branching_scenario|do_dont_contrast"",""scenario"":""new_item_cannot_style""}",domain_general,KP-service_judgment-new-item-cannot-style
RE-CustomerScenario-supports_training-TrainingMaterial-bdg01,CustomerScenario,TrainingMaterial,supports_training,"{""format"":""do_dont_contrast|error_replay"",""scenario"":""budget_controlled""}",domain_general,KP-service_judgment-budget-controlled
RE-CustomerScenario-supports_training-TrainingMaterial-rpr01,CustomerScenario,TrainingMaterial,supports_training,"{""format"":""error_replay|pre_shift_micro_coaching"",""scenario"":""repeat_purchase_replenish""}",domain_general,KP-service_judgment-repeat-purchase-replenish
RE-CustomerScenario-supports_training-TrainingMaterial-mp01,CustomerScenario,TrainingMaterial,supports_training,"{""format"":""branching_scenario|pre_shift_micro_coaching"",""role"":""master_principles""}",domain_general,KP-service_judgment-greeting-master-principles
RE-CustomerScenario-requires_inventory_state-InventoryState-rescue01,CustomerScenario,InventoryState,requires_inventory_state,"{""polarity"":""rescue_allowed"",""values"":[""commute_mainstay"",""weekend_social"",""functional_gap_fill"",""new_item_cannot_style"",""repeat_purchase_replenish""]}",domain_general,KP-inventory_rescue-can-rescue-scenarios
RE-CustomerScenario-requires_inventory_state-InventoryState-norescue01,CustomerScenario,InventoryState,requires_inventory_state,"{""polarity"":""rescue_forbidden"",""values"":[""shape_correction_key_param"",""comfort_sensitive_same_problem"",""urgent_main_item""]}",domain_general,KP-inventory_rescue-no-rescue-scenarios
RE-DisplayGuide-fits_customer_scenario-CustomerScenario-disp01,DisplayGuide,CustomerScenario,fits_customer_scenario,"{""mode"":""display_first_then_speak"",""scenarios"":[""ready_made_full_set"",""new_item_cannot_style"",""weekend_social"",""visual_anchor_at_door""]}",domain_general,KP-display_rule-display-first-then-speak
RE-TrainingMaterial-spoken_by_role-RoleProfile-train01,TrainingMaterial,RoleProfile,spoken_by_role,"{""roles"":[""new_associate"",""senior_associate"",""store_manager""],""format_lock"":[""branching_scenario"",""do_dont_contrast"",""pre_shift_micro_coaching"",""error_replay""]}",domain_general,KP-training_unit-greeting-format-lock
RE-Persona-spoken_by_role-RoleProfile-styling-sales,Persona,RoleProfile,spoken_by_role,"{""persona_id"":""styling_advisor"",""roleprofile_id"":""sales_associate"",""required"":true,""reason"":""private_outlet_channel_dependency""}",domain_general,KP-service_judgment-private-outlet-needs-sales-associate-base
RE-Persona-compatible_with_content_type-PrivateOutletChannel-styling,Persona,PrivateOutletChannel,compatible_with_content_type,"{""persona_id"":""styling_advisor"",""scope"":""private_channel_primary""}",domain_general,KP-service_judgment-private-outlet-needs-sales-associate-base
RE-Persona-compatible_with_content_type-ContentType-founder,Persona,ContentType,compatible_with_content_type,"{""persona_layer"":""brand_unique"",""persona_id"":""FounderProfile"",""content_types"":[""founder_ip""],""exclusivity"":""only_founder_ip""}",domain_general,KP-training_unit-founder-profile-brand-unique-layer
RE-Persona-spoken_by_role-RoleProfile-layering,Persona,RoleProfile,spoken_by_role,"{""cardinality"":""1_persona_to_many_roleprofiles"",""layering"":""persona_is_speaking_shell_roleprofile_is_knowledge_base""}",domain_general,KP-training_unit-persona-vs-roleprofile-layering
RE-Persona-spoken_by_role-RoleProfile-callchain,Persona,RoleProfile,spoken_by_role,"{""role"":""knowledge_base"",""direction"":""persona_calls_roleprofile"",""required"":true}",domain_general,KP-training_unit-roleprofile-not-speaking-shell
RE-Persona-compatible_with_content_type-ContentType-tcb11a,Persona,ContentType,compatible_with_content_type,"{""required_props"":[""support"",""risk"",""reason""],""support_enum"":[""now"",""enhanced"",""custom"",""unsupported""],""risk_enum"":[""low"",""medium"",""high""]}",domain_general,KP-product_attribute-compatible-with-edge-properties
RE-TrainingMaterial-spoken_by_role-RoleProfile-tcb08-01,TrainingMaterial,RoleProfile,spoken_by_role,"{""roles"":[""store_manager""],""role_layer"":""frontline"",""skill_type"":""rhythm_diagnosis""}",domain_general,KP-training_unit-store-manager-rhythm-first
RE-TrainingMaterial-spoken_by_role-RoleProfile-tcb08-02,TrainingMaterial,RoleProfile,spoken_by_role,"{""roles"":[""warehouse_supervisor"",""sales_associate""],""role_layer"":""frontline"",""skill_type"":""inventory_promise_discipline""}",domain_general,KP-training_unit-warehouse-supervisor-fact-not-promise
RE-TrainingMaterial-requires_inventory_state-InventoryState-tcb08-02,TrainingMaterial,InventoryState,requires_inventory_state,"{""states"":[""size_broken"",""set_incomplete"",""substitute_only"",""transfer_pending""]}",domain_general,KP-training_unit-warehouse-supervisor-fact-not-promise
RE-TrainingMaterial-spoken_by_role-RoleProfile-tcb08-03,TrainingMaterial,RoleProfile,spoken_by_role,"{""roles"":[""designer""],""role_layer"":""headquarters"",""skill_type"":""defect_source_locate""}",domain_general,KP-training_unit-designer-locate-defect-source
RE-TrainingMaterial-spoken_by_role-RoleProfile-tcb08-04,TrainingMaterial,RoleProfile,spoken_by_role,"{""roles"":[""sample_worker""],""role_layer"":""headquarters"",""skill_type"":""rework_as_judgment""}",domain_general,KP-training_unit-sample-worker-rework-as-judgment
RE-TrainingMaterial-spoken_by_role-RoleProfile-tcb08-05,TrainingMaterial,RoleProfile,spoken_by_role,"{""roles"":[""merchandising_director""],""role_layer"":""headquarters"",""skill_type"":""stylable_vs_sellable""}",domain_general,KP-training_unit-merch-director-stylable-not-sellable
RE-StylingRule-requires_inventory_state-InventoryState-cprio01,StylingRule,InventoryState,requires_inventory_state,"{""layer"":""customer_priority"",""order"":[""wearability"",""occasion_fit"",""silhouette_match"",""color_family_match"",""price_band_match"",""fabric_detail_match""]}",domain_general,KP-inventory_rescue-customer-priority-six-axes
RE-DisplayGuide-requires_inventory_state-InventoryState-dprio01,DisplayGuide,InventoryState,requires_inventory_state,"{""layer"":""display_priority"",""order"":[""story_theme_match"",""color_story_match"",""silhouette_layer_match"",""sellable_depth"",""price_band_match""]}",domain_general,KP-inventory_rescue-display-priority-five-axes
RE-StylingRule-requires_inventory_state-InventoryState-hb01,StylingRule,InventoryState,requires_inventory_state,"{""polarity"":""forbid_on_match"",""values"":[""size_unwearable"",""inventory_stale"",""set_promise_broken"",""color_mandatory_missing"",""trust_damage_substitution""]}",domain_general,KP-inventory_rescue-hard-block-five-conditions
RE-DisplayGuide-requires_inventory_state-InventoryState-hb01,DisplayGuide,InventoryState,requires_inventory_state,"{""polarity"":""forbid_on_match"",""note"":""H3 set_promise_broken 命中→撤成套陈列""}",domain_general,KP-inventory_rescue-hard-block-five-conditions
RE-CallMapping-mapped_to_runtime-InventoryState-match01,CallMapping,InventoryState,mapped_to_runtime,"{""runtime_method"":""inventory_match"",""output_fields"":[""match_status"",""inventory_state_id"",""decision_mode"",""hard_block_reason"",""recommended_substitution_path"",""display_permission_level"",""training_trigger_list"",""customer_explanation_hint""]}",domain_general,KP-inventory_rescue-match-result-output-shape
RE-StylingRule-requires_inventory_state-InventoryState-sense01,StylingRule,InventoryState,requires_inventory_state,"{""required_layer"":""deep_inventory_sensing"",""fallback"":""conservative_when_unknown""}",domain_general,KP-inventory_rescue-shallow-vs-deep-sensing
RE-DisplayGuide-requires_inventory_state-InventoryState-sense01,DisplayGuide,InventoryState,requires_inventory_state,"{""required_layer"":""deep_inventory_sensing"",""forbid"":""shallow_only_for_hero_display""}",domain_general,KP-inventory_rescue-shallow-vs-deep-sensing
RE-StylingRule-requires_inventory_state-InventoryState-ss01,StylingRule,InventoryState,requires_inventory_state,"{""polarity"":""soft_substitute"",""paths"":[""same_sku_other_color"",""near_color_family"",""same_occasion_same_silhouette"",""same_item_new_pairing_piece""],""priority_order"":[1,2,3,4]}",domain_general,KP-inventory_rescue-soft-substitute-four-paths
RE-StylingRule-requires_inventory_state-InventoryState-cat01,StylingRule,InventoryState,requires_inventory_state,"{""states_cardinality"":6,""per_state_quad"":[""recommend"",""display"",""substitute"",""rescue_mode""]}",domain_general,KP-inventory_rescue-state-catalog-six-states
RE-DisplayGuide-requires_inventory_state-InventoryState-cat01,DisplayGuide,InventoryState,requires_inventory_state,"{""states"":[""size_complete"",""size_broken"",""color_broken"",""single_size_tail"",""single_item_only"",""alternate_not_same_sku""]}",domain_general,KP-inventory_rescue-state-catalog-six-states
RE-CustomerScenario-supports_training-TrainingMaterial-3sent01,CustomerScenario,TrainingMaterial,supports_training,"{""format"":""do_dont_contrast|before_after_timelapse"",""scenario"":""inventory_gap_rescue"",""sentence_count"":3,""forbid_count"":3}",domain_general,KP-inventory_rescue-three-sentence-discipline
RE-Persona-spoken_by_role-RoleProfile-shell_not_role,Persona,RoleProfile,spoken_by_role,"{""semantics"":""persona_is_speaking_shell_roleprofile_provides_role_actions"",""cardinality"":""1_persona_to_many_roleprofiles""}",domain_general,KP-product_attribute-persona-shell-not-equal-role
RE-TrainingMaterial-spoken_by_role-RoleProfile-cra1,TrainingMaterial,RoleProfile,spoken_by_role,"{""applies_to"":""all_first_batch_role_profiles"",""role_layer"":""persona_authenticity_base""}",domain_general,KP-training_unit-collect-real-action-before-script
RE-TrainingMaterial-supported_by_evidence-Evidence-est1,TrainingMaterial,Evidence,supported_by_evidence,"{""shape_required"":true,""allowed_shapes"":[""oral"",""action"",""document"",""physical""]}",domain_general,KP-training_unit-evidence-shape-four-types
RE-TrainingMaterial-spoken_by_role-RoleProfile-cfns1,TrainingMaterial,RoleProfile,spoken_by_role,"{""applies_to"":""all_first_batch_role_profiles"",""material_layer"":""failure_grain""}",domain_general,KP-training_unit-collect-failure-not-only-success
RE-TrainingMaterial-spoken_by_role-RoleProfile-rmfk1,TrainingMaterial,RoleProfile,spoken_by_role,"{""applies_to"":""all_first_batch_role_profiles"",""gate_type"":""5_required_plus_3_hard_evidence""}",domain_general,KP-training_unit-role-material-five-kinds-minimum
RE-RoleProfile-spoken_by_role-Persona-csrp1,RoleProfile,Persona,spoken_by_role,"{""P0_mapping"":{""sales_associate"":""styling_advisor"",""store_manager"":""store_operator"",""designer"":""product_professional"",""sample_worker"":""product_professional""},""P1_mapping"":{""warehouse_supervisor"":""store_operator"",""design_director"":""product_professional"",""merchandising_director"":""product_professional""}}",domain_general,KP-training_unit-cold-start-role-priority-frontline
RE-ContentType-compatible_with_content_type-behind_the_scenes-bts1,ContentType,ContentType,compatible_with_content_type,"{""content_type_id"":""behind_the_scenes""}",domain_general,KP-product_attribute-content-type-north-star-behind-scenes
RE-ContentType-compatible_with_content_type-daily_fragment-df1,ContentType,ContentType,compatible_with_content_type,"{""content_type_id"":""daily_fragment""}",domain_general,KP-product_attribute-content-type-north-star-daily-fragment
RE-ContentType-compatible_with_content_type-outfit_of_the_day-ootd1,ContentType,ContentType,compatible_with_content_type,"{""content_type_id"":""outfit_of_the_day""}",domain_general,KP-product_attribute-content-type-north-star-outfit-of-the-day
RE-ContentType-compatible_with_content_type-personal_vlog-pv1,ContentType,ContentType,compatible_with_content_type,"{""content_type_id"":""personal_vlog""}",domain_general,KP-product_attribute-content-type-north-star-personal-vlog
RE-ContentType-compatible_with_content_type-role_work_vlog-rwv1,ContentType,ContentType,compatible_with_content_type,"{""content_type_id"":""role_work_vlog""}",domain_general,KP-product_attribute-content-type-north-star-role-work-vlog
RE-ContentType-compatible_with_content_type-store_daily-sd1,ContentType,ContentType,compatible_with_content_type,"{""content_type_id"":""store_daily""}",domain_general,KP-service_judgment-store-daily-three-required-elements
RE-ContentType-compatible_with_content_type-ContentType-emo01,ContentType,ContentType,compatible_with_content_type,"{""source_ct"":""emotion_expression"",""applies_to"":[""emotion_expression"",""humor_content"",""lifestyle_expression"",""daily_fragment"",""personal_vlog"",""founder_ip"",""behind_the_scenes""],""polarity"":""shared_layer_H1""}",domain_general,KP-training_unit-emotion-expression-9-ai-tone-banlist
RE-ContentType-compatible_with_content_type-ContentType-emo02,ContentType,ContentType,compatible_with_content_type,"{""source_ct"":""emotion_expression"",""applies_to"":[""emotion_expression""],""not_applicable"":[""product_copy_general"",""training_material""],""polarity"":""emotion_sensitive_ct_only""}",domain_general,KP-training_unit-emotion-expression-truth-3-questions-prepublish
RE-ContentType-compatible_with_content_type-ContentType-evd01,ContentType,ContentType,compatible_with_content_type,"{""source_ct"":""event_documentary"",""trio"":[""event_documentary"",""founder_ip"",""role_work_vlog""],""trio_name"":""enterprise_failure_narrative_trio""}",domain_general,KP-training_unit-event-documentary-failure-perspective
RE-ContentType-compatible_with_content_type-founder_ip-fi1,ContentType,ContentType,compatible_with_content_type,"{""content_type_id"":""founder_ip""}",domain_general,KP-product_attribute-content-type-north-star-founder-ip
RE-ContentType-compatible_with_content_type-knowledge_sharing-ks1,ContentType,ContentType,compatible_with_content_type,"{""content_type_id"":""knowledge_sharing""}",domain_general,KP-product_attribute-content-type-north-star-knowledge-sharing
RE-ContentType-compatible_with_content_type-talent_showcase-ts1,ContentType,ContentType,compatible_with_content_type,"{""content_type_id"":""talent_showcase""}",domain_general,KP-product_attribute-content-type-north-star-talent-showcase
RE-ContentType-compatible_with_content_type-training_material-tm1,ContentType,ContentType,compatible_with_content_type,"{""content_type_id"":""training_material"",""audience_orientation"":""army-facing""}",domain_general,KP-product_attribute-content-type-north-star-training-material
RE-StylingRule-compatible_with_content_type-behind_the_scenes-bts2,StylingRule,ContentType,compatible_with_content_type,"{""content_type_id"":""behind_the_scenes"",""play_card"":""C2-2""}",domain_general,KP-styling_rule-behind-scenes-invisible-completion-cost
RE-StylingRule-compatible_with_content_type-founder_ip-osa1,StylingRule,ContentType,compatible_with_content_type,"{""content_type_id"":""founder_ip"",""signature_play"":""old_sample_courtroom""}",domain_general,KP-styling_rule-old-sample-as-error-archive
RE-StylingRule-compatible_with_content_type-talent_showcase-ms1,StylingRule,ContentType,compatible_with_content_type,"{""content_type_id"":""talent_showcase"",""play_card"":""C3-2""}",domain_general,KP-styling_rule-talent-showcase-micro-skill-hundred-reps
RE-TrainingMaterial-compatible_with_content_type-training_material-er1,TrainingMaterial,ContentType,compatible_with_content_type,"{""content_type_id"":""training_material"",""play_card"":""C3-1"",""learning_mechanism"":""error_driven_learning+desirable_difficulty""}",domain_general,KP-training_unit-error-first-then-correct-replay
RE-TrainingMaterial-supports_training-RoleProfile-er1,TrainingMaterial,RoleProfile,supports_training,"{""role"":""sales_associate"",""seniority"":""new_to_30days""}",domain_general,KP-training_unit-error-first-then-correct-replay
RE-ContentType-compatible_with_content_type-ContentType-evd02,ContentType,ContentType,compatible_with_content_type,"{""source_ct"":""event_documentary"",""also_applies"":[""talent_showcase"",""process_trace""],""shared_pattern"":""long_term_tier""}",domain_general,KP-training_unit-event-documentary-long-term-tier-discipline
RE-ContentType-compatible_with_content_type-ContentType-hum02,ContentType,ContentType,compatible_with_content_type,"{""source_ct"":""humor_content"",""gate_type"":""play_card_level_brand_tone_gate"",""cross_ct_applicable"":[""humor_content""]}",domain_general,KP-training_unit-humor-content-brand-tone-gate-for-puppetry
RE-ContentType-compatible_with_content_type-ContentType-hum01,ContentType,ContentType,compatible_with_content_type,"{""source_ct"":""humor_content"",""industry_specific"":""apparel"",""clothing_role"":""persona_switch""}",domain_general,KP-training_unit-humor-content-clothing-as-persona-switch
RE-ContentType-compatible_with_content_type-ContentType-lif02,ContentType,ContentType,compatible_with_content_type,"{""source_ct"":""lifestyle_expression"",""brand_alignment"":[""long_termism"",""anti_consumerism""],""misaligned"":[""fast_fashion"",""new_release_focus""]}",domain_general,KP-training_unit-lifestyle-expression-old-defines-premium
RE-ContentType-compatible_with_content_type-ContentType-lif01,ContentType,ContentType,compatible_with_content_type,"{""source_ct"":""lifestyle_expression"",""clothing_role"":""values_filter_behavior_interface""}",domain_general,KP-training_unit-lifestyle-expression-values-via-rejection
RE-ContentType-compatible_with_content_type-ContentType-prc01,ContentType,ContentType,compatible_with_content_type,"{""source_ct"":""process_trace"",""narrative_family"":[""only_hands"",""stillness_before_cut"",""quiet_night_shift"",""stop_the_bad_one""],""family_name"":""anti_public_showcase_process_trace""}",domain_general,KP-training_unit-process-trace-stop-the-bad-one-builds-trust
RE-TrainingMaterial-compatible_with_content_type-training_material-sa1,TrainingMaterial,ContentType,compatible_with_content_type,"{""content_type_id"":""training_material"",""play_card"":""C3-4"",""learning_mechanism"":""procedural_memory+sensory_learning""}",domain_general,KP-training_unit-sop-asmr-procedural-memory
RE-TrainingMaterial-supports_training-RoleProfile-sa1,TrainingMaterial,RoleProfile,supports_training,"{""role"":""sales_associate+stockkeeper"",""seniority"":""new_to_all""}",domain_general,KP-training_unit-sop-asmr-procedural-memory
RE-ContentType-compatible_with_content_type-ContentType-tal01,ContentType,ContentType,compatible_with_content_type,"{""source_ct"":""talent_showcase"",""narrative_path"":""relationship_overflow"",""north_star"":""useful_with_warmth""}",domain_general,KP-training_unit-talent-showcase-rescue-not-show-off
RE-ContentType-compatible_with_content_type-emotion_expression-ee1,ContentType,ContentType,compatible_with_content_type,"{""content_type_id"":""emotion_expression"",""ai_immunity_level"":""weakest""}",domain_general,KP-product_attribute-content-type-north-star-emotion-expression
RE-ContentType-compatible_with_content_type-process_trace-pt1,ContentType,ContentType,compatible_with_content_type,"{""content_type_id"":""process_trace""}",domain_general,KP-product_attribute-content-type-north-star-process-trace
RE-ContentType-compatible_with_content_type-product_copy_general-pcg1,ContentType,ContentType,compatible_with_content_type,"{""content_type_id"":""product_copy_general"",""output_form"":""text""}",domain_general,KP-product_attribute-content-type-north-star-product-copy-general
RE-ContentType-compatible_with_content_type-product_journey-pj1,ContentType,ContentType,compatible_with_content_type,"{""content_type_id"":""product_journey""}",domain_general,KP-product_attribute-content-type-north-star-product-journey
RE-ContentType-compatible_with_content_type-product_review-pr1,ContentType,ContentType,compatible_with_content_type,"{""content_type_id"":""product_review""}",domain_general,KP-product_attribute-content-type-north-star-product-review
RE-StylingRule-compatible_with_content_type-daily_fragment-nf1,StylingRule,ContentType,compatible_with_content_type,"{""content_type_id"":""daily_fragment"",""play_card"":""C3-2""}",domain_general,KP-styling_rule-daily-fragment-no-face-traces
RE-StylingRule-compatible_with_content_type-emotion_expression-cv1,StylingRule,ContentType,compatible_with_content_type,"{""content_type_id"":""emotion_expression"",""play_card"":""C3-1"",""apparel_role"":""emotion_vessel""}",domain_general,KP-styling_rule-emotion-expression-clothes-as-emotion-vessel
RE-StylingRule-compatible_with_content_type-outfit_of_the_day-rt1,StylingRule,ContentType,compatible_with_content_type,"{""content_type_id"":""outfit_of_the_day"",""play_card"":""C3-3"",""apparel_role"":""time_witness""}",domain_general,KP-styling_rule-ootd-clothes-remember-today
RE-StylingRule-compatible_with_content_type-product_copy_general-pcg1,StylingRule,ContentType,compatible_with_content_type,"{""content_type_id"":""product_copy_general"",""copy_structure"":""moment_first""}",domain_general,KP-styling_rule-pcg-moment-over-category
RE-StylingRule-compatible_with_content_type-process_trace-pt2,StylingRule,ContentType,compatible_with_content_type,"{""content_type_id"":""process_trace"",""signature_play"":""rejected_garment""}",domain_general,KP-styling_rule-process-trace-rejected-garment
RE-StylingRule-compatible_with_content_type-process_trace-pt1,StylingRule,ContentType,compatible_with_content_type,"{""content_type_id"":""process_trace"",""priority_play"":""single_hard_fake_step""}",domain_general,KP-styling_rule-process-trace-single-hard-fake-step
RE-StylingRule-compatible_with_content_type-product_journey-pj1,StylingRule,ContentType,compatible_with_content_type,"{""content_type_id"":""product_journey"",""signature_play"":""sample_version_tree""}",domain_general,KP-styling_rule-product-journey-sample-version-tree
RE-TrainingMaterial-compatible_with_content_type-knowledge_sharing-ksevent1,TrainingMaterial,ContentType,compatible_with_content_type,"{""content_type_id"":""knowledge_sharing"",""open_structure"":""error_first""}",domain_general,KP-training_unit-knowledge-not-teacher-but-event
RE-TrainingMaterial-compatible_with_content_type-product_review-pr1,TrainingMaterial,ContentType,compatible_with_content_type,"{""content_type_id"":""product_review"",""baseline"":""anti_filter_pledge""}",domain_general,KP-training_unit-product-review-anti-filter-pledge
RE-ContentType-compatible_with_content_type-pjvspt-1,ContentType,ContentType,compatible_with_content_type,"{""pair"":""product_journey|process_trace"",""mode"":""mutually_exclusive_per_piece""}",domain_general,KP-styling_rule-product-journey-vs-process-trace-boundary
RE-Persona-compatible_with_content_type-ContentType-truth-source-shell,Persona,ContentType,compatible_with_content_type,"{""is_truth_source"":true,""edge_signature"":""COMPATIBLE_WITH {support,risk,reason}""}",domain_general,KP-product_attribute-compatibility-matrix-two-layer-truth-source
RE-Persona-compatible_with_content_type-ContentType-shell-binding,Persona,ContentType,compatible_with_content_type,"{""shell_fields"":[""support"",""risk"",""reason""],""support_enum"":[""now"",""enhanced"",""custom"",""unsupported""],""risk_enum"":[""low"",""medium"",""high""]}",domain_general,KP-product_attribute-compatibility-edge-support-risk-reason-shell
RE-PersonaContentTypePlatformDerivedView-derived_from-Persona-ContentType-Platform,PersonaContentTypePlatformDerivedView,Persona+ContentType+PlatformTone|PrivateOutletChannel,compatible_with_content_type,"{""derived"":true,""persisted"":false,""formula"":""display_tier=combine(support,tier); risk=inherit(persona_x_ct.risk)""}",domain_general,KP-product_attribute-compatibility-derived-view-combination-formula
RE-Persona-compatible_with_content_type-COMPATIBLE_WITH-schema,Persona,ContentType,compatible_with_content_type,"{""edge_role"":""truth_source"",""attributes"":[""support"",""risk"",""reason""]}",domain_general,KP-product_attribute-compat-matrix-truth-source-layering
RE-CustomerScenario-compatible_with_content_type-product_review-pr2,CustomerScenario,ContentType,compatible_with_content_type,"{""content_type_id"":""product_review"",""play_card"":""C3-2"",""scenario_tag"":""customer_service""}",domain_general,KP-service_judgment-product-review-concerns-clearance-on-spot
RE-StylingRule-compatible_with_content_type-behind_the_scenes-bts3,StylingRule,ContentType,compatible_with_content_type,"{""content_type_id"":""behind_the_scenes"",""play_card"":""C3-2"",""shared_engine"":""#2_cognitive_reversal""}",domain_general,KP-styling_rule-behind-scenes-parallel-split-screen
RE-StylingRule-compatible_with_content_type-behind_the_scenes-bts4,StylingRule,ContentType,compatible_with_content_type,"{""content_type_id"":""behind_the_scenes"",""play_card"":""C3-4"",""shared_engine"":""#11_asmr"",""asmr_family_dimension"":""space""}",domain_general,KP-styling_rule-behind-scenes-store-soundprint
RE-StylingRule-compatible_with_content_type-daily_fragment-df2,StylingRule,ContentType,compatible_with_content_type,"{""content_type_id"":""daily_fragment"",""play_card"":""C3-1"",""play_card_tier"":""long_term""}",domain_general,KP-styling_rule-daily-fragment-fixed-corner-time-fold
RE-StylingRule-compatible_with_content_type-daily_fragment-df4,StylingRule,ContentType,compatible_with_content_type,"{""content_type_id"":""daily_fragment"",""play_card"":""C3-3"",""cue_type"":""sensory""}",domain_general,KP-styling_rule-daily-fragment-sensory-sort-not-time
RE-StylingRule-compatible_with_content_type-daily_fragment-df3,StylingRule,ContentType,compatible_with_content_type,"{""content_type_id"":""daily_fragment"",""play_card"":""C3-5"",""time_dimension"":""single_day_segment_fold""}",domain_general,KP-styling_rule-daily-fragment-single-chair-time-fold
RE-StylingRule-compatible_with_content_type-outfit_of_the_day-ootd4,StylingRule,ContentType,compatible_with_content_type,"{""content_type_id"":""outfit_of_the_day"",""play_card"":""C3-4"",""angle"":""decision_chain""}",domain_general,KP-styling_rule-ootd-micro-suspense-decision-chain
RE-StylingRule-compatible_with_content_type-outfit_of_the_day-ootd2,StylingRule,ContentType,compatible_with_content_type,"{""content_type_id"":""outfit_of_the_day"",""play_card"":""C3-1"",""angle"":""life_fit""}",domain_general,KP-styling_rule-ootd-route-fitness-not-display
RE-TrainingMaterial-compatible_with_content_type-behind_the_scenes-bts5,TrainingMaterial,ContentType,compatible_with_content_type,"{""content_type_id"":""behind_the_scenes"",""baseline"":""near_disaster_narrative_arc""}",domain_general,KP-training_unit-behind-scenes-near-disaster-narrative
RE-TrainingMaterial-compatible_with_content_type-outfit_of_the_day-ootd5,TrainingMaterial,ContentType,compatible_with_content_type,"{""content_type_id"":""outfit_of_the_day"",""baseline"":""anti_hard_ad_three_bans""}",domain_general,KP-training_unit-ootd-anti-hard-ad-discipline
RE-CustomerScenario-compatible_with_content_type-product_review-pr3,CustomerScenario,ContentType,compatible_with_content_type,"{""content_type_id"":""product_review"",""play_card"":""C3-3"",""scenario_tag"":""customer_service"",""shared_engine"":""#11_asmr""}",domain_general,KP-service_judgment-product-review-tactile-court-three-piece-compare
RE-TrainingMaterial-compatible_with_content_type-product_review-pr4,TrainingMaterial,ContentType,compatible_with_content_type,"{""content_type_id"":""product_review"",""play_card"":""C2-3"",""baseline"":""fabric_detective_chain"",""scenario_tag"":""both""}",domain_general,KP-training_unit-product-review-fabric-detective-spec-party
