evidence_id,source_md,source_anchor,evidence_quote,source_type,inference_level,brand_layer,source_pack_id
EV-KP-fabric_property-linen-natural-creases,Q7Q12-搭配陈列业务包/面料工艺品质判断包.md,四、首批 FabricKnowledge 正式冻结清单 · 2. 亚麻 / 棉麻类,它的高级感很大一部分恰恰来自自然折痕和纤维表情。正式风险提示冻结为：肘部、臀部、坐位、前门襟容易出褶；版型越直、越薄、越浅色越要把透感和皱感提前说清。,explicit_business_decision,direct_quote,domain_general,KP-fabric_property-linen-natural-creases
EV-KP-service_judgment-comfort-sensitive-trigger,Q7Q12-搭配陈列业务包/门店接客场景包.md,二、10 类进店目的 · 8. comfort_sensitive,店员第一反应：先确认她介意的是触感、温度、透度、弹性、静电还是内搭难度。最容易卡住：不是卡第二套是卡信任。体感没讲透后面推几套都白搭。,explicit_business_decision,direct_quote,domain_general,KP-service_judgment-comfort-sensitive-trigger
EV-KP-display_rule-full-look-no-broken-size,Q7Q12-搭配陈列业务包/陈列方法包.md,二、6. full_look_display + 三、2)/3) + 四、联动,不适合库存状态：broken_size_partial / clearance_tail_stock / 主件或关键辅件断码的伪成套状态。少一件就散顾客带不走。window_display、mannequin_display、full_look_display 必须过库存校验不得用断码伪成套。,explicit_business_decision,direct_quote,domain_general,KP-display_rule-full-look-no-broken-size
EV-KP-product_attribute-core-category-7-plus-3,Q7Q12-搭配陈列业务包/商品与属性基础包.md,6.1,首批正式冻结为 7 个主母类 + 3 个扩展母类。门店最高频接客、试衣间救场、陈列分区、培训演示都能用同时不会一上来把库做得又散又重。,explicit_business_decision,direct_quote,domain_general,KP-product_attribute-core-category-7-plus-3
EV-KP-product_attribute-shared-6-decision-dims,Q7Q12-搭配陈列业务包/商品与属性基础包.md,6.2,冷启动统一要求每个母类至少挂 6 个共用核心维度 color/material/fit/length/season/occasion 这是本轮硬冻结口径。,explicit_business_decision,direct_quote,domain_general,KP-product_attribute-shared-6-decision-dims
EV-KP-product_attribute-synonym-convergence,Q7Q12-搭配陈列业务包/商品与属性基础包.md,6.3,品类叫法统一/属性叫法统一各组散乱叫法收敛为标准术语。,explicit_business_decision,direct_quote,domain_general,KP-product_attribute-synonym-convergence
EV-KP-product_attribute-no-forced-merge,Q7Q12-搭配陈列业务包/商品与属性基础包.md,6.3 明确不得强收,卡其≠驼色 真丝≠醋酸 修身≠合体 短款≠常规偏短,explicit_business_decision,direct_quote,domain_general,KP-product_attribute-no-forced-merge
EV-KP-product_attribute-decision-level-hard-vs-high,Q7Q12-搭配陈列业务包/商品与属性基础包.md,6.4,硬改搭配结论的属性 fit/length/material/color/occasion/season 这些一变整套推荐通常要重算。高频改 neckline/sleeve_length/waistline/rise/pattern/layer_role。,explicit_business_decision,direct_quote,domain_general,KP-product_attribute-decision-level-hard-vs-high
EV-KP-display_rule-attribute-driven-display,Q7Q12-搭配陈列业务包/商品与属性基础包.md,6.5,最直接影响陈列的是 color/Collection/Category/length/fit/season/pattern/occasion。视觉陈列的核心就是用分组、颜色、焦点位、人体模特/人台组合帮助顾客快速理解商品关系、降低选择负担。,explicit_business_decision,direct_quote,domain_general,KP-display_rule-attribute-driven-display
EV-KP-product_attribute-display-only-fields,Q7Q12-搭配陈列业务包/商品与属性基础包.md,6.6,以下字段保留但首轮不进入即时搭配/陈列主判断 fabric_story/craft_story/designer_note/care_instruction/selling_points_copy/model_reference 主要给培训生成、详情页、销售话术用。,explicit_business_decision,direct_quote,domain_general,KP-product_attribute-display-only-fields
EV-KP-product_attribute-collection-cold-start-scope,Q7Q12-搭配陈列业务包/商品与属性基础包.md,6.7,Collection 先只承担三件事主题归组/成组陈列/培训说明。本轮不把 Collection 直接升成搭配硬约束。,explicit_business_decision,direct_quote,domain_general,KP-product_attribute-collection-cold-start-scope
EV-KP-styling_rule-proportion-split-37,Q7Q12-搭配陈列业务包/搭配规则包.md,6.1 规则 01 + 6.2 + 6.4 反转二,全身视觉分割优先做 3:7、4:6，避免 5:5；works_in：高腰裤/高腰裙、短上衣、塞衣角、短外套；fails_in：上衣卡胯、裙长停在小腿最粗处、裤长和鞋口双截断；反转二：低腰复古、Y2K、模特感拍摄可以故意做下坠比例。,explicit_business_rule,direct_quote,domain_general,KP-styling_rule-proportion-split-37
EV-KP-styling_rule-silhouette-balance,Q7Q12-搭配陈列业务包/搭配规则包.md,6.1 规则 02 + 6.2 + 6.4 反转一,一身最多只留一个量感重点，上宽下收，或上收下宽；works_in：宽针织配直筒裤，廓形西装配窄裙，阔腿裤配合体上衣；fails_in：宽卫衣+宽裤+厚底鞋；替代先守廓形角色不先守颜色；反转一：高个偏瘦/oversize 街头风可上下同宽。,explicit_business_rule,direct_quote,domain_general,KP-styling_rule-silhouette-balance
EV-KP-styling_rule-waistline-anchor,Q7Q12-搭配陈列业务包/搭配规则包.md,6.1 规则 03 + 6.2,只要顾客诉求是显高、显瘦、显精神，先找腰线；works_in：高腰下装、短外套、半塞衣角、腰带辅助；fails_in：长上衣全盖、低腰下装、宽松直筒裙无收束；高腰断码可用腰带/短外套/内外层次制造假腰线，不能直接用无腰线替代。,explicit_business_rule,direct_quote,domain_general,KP-styling_rule-waistline-anchor
EV-KP-styling_rule-one-focus,Q7Q12-搭配陈列业务包/搭配规则包.md,6.1 规则 04 + 6.2,一套里只留一个主角：颜色、版型、材质、设计四选一；零售穿搭不是造型比赛；works_in：亮色外套+基础内搭；设计感上衣+干净下装；fails_in：亮片上衣+花裙+金属鞋+大耳环；主角断货时替代保留主角功能。,explicit_business_rule,direct_quote,domain_general,KP-styling_rule-one-focus
EV-KP-styling_rule-color-echo,Q7Q12-搭配陈列业务包/搭配规则包.md,6.1 规则 05 + 6.2,一身颜色至少有两处呼应，不让某个颜色孤零零悬着；公开零售陈列指南把颜色分组和焦点组织视为最直接的视觉销售工具；works_in：鞋包呼应、上衣配饰呼应、内搭下装轻呼应；fails_in：全身只有一处亮色，其他完全断开；同色替代可同温度/同明度内微调，不能冷暖乱跳。,explicit_business_rule,direct_quote,domain_general,KP-styling_rule-color-echo
EV-KP-styling_rule-neutral-plus-accent,Q7Q12-搭配陈列业务包/搭配规则包.md,6.1 规则 06 + 6.3 + 6.4 反转三,顾客怕出错、第一次成交、主推通勤时，先用中性色打底，再加一处提气；works_in：米白/灰/驼/藏青打底，丝巾/鞋/包/内搭提气；fails_in：全身都灰、都米但没有材质层次；提气色断货可把提气点转移到配饰；反转三：节庆/潮流年轻客群允许高饱和直接上身。,explicit_business_rule,direct_quote,domain_general,KP-styling_rule-neutral-plus-accent
EV-KP-styling_rule-structure-drape,Q7Q12-搭配陈列业务包/搭配规则包.md,6.1 规则 07 + 6.3,挺的配垂的，厚的配薄的，糯的配利落的；材质关系决定一套衣服的质感和贵气感；works_in：挺括西装配垂感裙，毛绒外套配牛仔，真丝衬衫配西裤；fails_in：全身都软塌或全身都硬挺；替代先守材质角色再守颜色。,explicit_business_rule,direct_quote,domain_general,KP-styling_rule-structure-drape
EV-KP-styling_rule-premium-item-neutralization,Q7Q12-搭配陈列业务包/搭配规则包.md,6.1 规则 08 + 6.3 + 6.4 反转四,皮草、亮片、绸缎、重工外套等贵气单品要配基础休闲件降压；原理是用基础款休闲单品搭配奢华单品降低视觉压迫感；works_in：皮草+牛仔，缎面半裙+针织，亮片上衣+西裤；fails_in：贵气单品再叠贵气单品；中和单品必须保留哑光/基础/低压力特征；反转四：晚宴/婚礼/典礼场景顺贵气走。,explicit_business_rule,direct_quote,domain_general,KP-styling_rule-premium-item-neutralization
EV-KP-styling_rule-face-brightness,Q7Q12-搭配陈列业务包/搭配规则包.md,6.1 规则 09 + 6.3,离脸最近那一层优先解决气色不优先解决时髦；顾客最直观反馈是脸色好不好/我显不显老；works_in：围巾、内搭、领口、耳饰提亮；fails_in：整体比例都对但近脸颜色发灰发黄；上装缺货可优先替换近脸提亮件不必整套推翻。,explicit_business_rule,direct_quote,domain_general,KP-styling_rule-face-brightness
EV-KP-styling_rule-formality-consistency,Q7Q12-搭配陈列业务包/搭配规则包.md,6.1 规则 10 + 6.2,正式场合下单品正式度尽量统一；场合错位是顾客说不出哪里怪但就是不买的原因；works_in：西装+皮鞋/乐福鞋，衬衫+西裤，结构连衣裙+干净外套；fails_in：套装配过于休闲鞋，礼服感上衣配破洞牛仔；正式裤断码只能换同级正式度单品。,explicit_business_rule,direct_quote,domain_general,KP-styling_rule-formality-consistency
EV-KP-styling_rule-menswear-belt-shoe,Q7Q12-搭配陈列业务包/搭配规则包.md,6.1 规则 11 + 6.2 + 6.4 反转五,男装正式穿着里腰带与鞋的颜色、皮质感、正式度要尽量一致；works_in：黑鞋黑带、棕鞋棕带、光泽与正式度相近；fails_in：黑皮鞋配浅棕编织带、正装鞋配明显牛仔休闲带；鞋没货优先找同色同正式度鞋；反转五：休闲/球鞋/工装/无腰带场景可放松，进入 formal dressing 重新生效。,explicit_business_rule,direct_quote,domain_general,KP-styling_rule-menswear-belt-shoe
EV-KP-styling_rule-single-problem-priority,Q7Q12-搭配陈列业务包/搭配规则包.md,6.1 规则 12 + 6.2,接客时一次先解决顾客一个核心顾虑不同时解决五个问题；真正成交不是卖点堆满而是顾虑被减掉；suitable_for：全部导购/全部门店；not_suitable_for：无；fails_in：上来就说显高显瘦显气质显贵显年轻；原款缺货替代必须优先守住顾客最在意的那一个点。,explicit_business_rule,direct_quote,domain_general,KP-styling_rule-single-problem-priority
EV-KP-styling_rule-substitution-priority-ladder,Q7Q12-搭配陈列业务包/搭配规则包.md,6.5,四级优先：第一守 silhouette 廓形；第二守 formality_level 正式度；第三守 visual_weight 视觉重量（贵价救场材质像不像比颜色像不像更关键）；第四守 color_family 色系家族（同温度同明度内微调，不能冷暖乱跳）；不能替代的情况：廓形变了/正式度掉了/近脸颜色把气色打脏/材质从贵感换成廉价反光/量感从修饰变成放大问题；断码替代不找长得像的找功能一样的。,explicit_business_rule,direct_quote,domain_general,KP-styling_rule-substitution-priority-ladder
EV-KP-styling_rule-looks-good-but-unsellable,Q7Q12-搭配陈列业务包/搭配规则包.md,6.6,7 类反例：all_oversized_look 拍照有风格门店里大多数顾客会觉得自己变壮；flat_neutral_look Lookbook 好看试衣间易被说没精神；double_statement_look 内容里时髦零售里用力过猛；fragmented_leg_line_look 低腰+裤长/裙长截断+脚口再截断显短；luxury_overstack_look 皮草配缎裙配闪鞋配大耳环远看成立近看日常没法卖；formal_casual_mismatch_look 上半身正式下半身/配件太休闲；theme_without_problem_solution_display 墙面漂亮但说不清解决什么问题转化率差。陈列要降低顾客理解成本/快速建立焦点/帮助顾客想象自己穿上后的样子。,explicit_business_rule,direct_quote,domain_general,KP-styling_rule-looks-good-but-unsellable
EV-KP-fabric_property-cotton-knit-familiar-trap,Q7Q12-搭配陈列业务包/面料工艺品质判断包.md,四、1. 棉针织 / 棉弹类,最容易误导顾客的点有三条：纯棉不等于不透；纯棉不等于不变形；纯棉也不等于穿久了还保持领口利落。 正式风险提示冻结为：领口松、下摆卷、白浅色透、汗后贴身、机洗后回缩、针织类更容易出现尺寸波动。 CottonWorks 也明确指出 shrinkage（缩水）会影响 fit（合体感）、seam puckering（缝口起皱）、skew（扭斜）以及面辅料关系。,explicit_business_decision,direct_quote,domain_general,KP-fabric_property-cotton-knit-familiar-trap
EV-KP-fabric_property-viscose-modal-tencel-mirror-win,Q7Q12-搭配陈列业务包/面料工艺品质判断包.md,四、3. 粘胶 / 莫代尔 / 天丝类,"这类最容易在镜前赢，但也最容易在穿后暴露问题。 最容易误导的是把""软垂""说成""修形""。很多时候它只是顺着身体线条走，不会帮顾客藏掉她在意的位置。 正式风险提示冻结为：贴肉、挂长、缝位变形、薄款暴露体表痕迹、浅色透、久穿后局部发亮。",explicit_business_decision,direct_quote,domain_general,KP-fabric_property-viscose-modal-tencel-mirror-win
EV-KP-fabric_property-silk-acetate-satin-honest-fabric,Q7Q12-搭配陈列业务包/面料工艺品质判断包.md,四、4. 真丝 / 醋酸 / 缎面类,"这类不是""显贵万能牌""，而是""对穿着状态很诚实""的面料。 最容易误导的是只卖光泽，不讲暴露感。 正式风险提示冻结为：勾丝、水痕、压痕、静电、浅色透、局部发白、体表痕迹明显； 这类面料推荐时必须同步判断顾客对""痕迹暴露""的容忍度。",explicit_business_decision,direct_quote,domain_general,KP-fabric_property-silk-acetate-satin-honest-fabric
EV-KP-fabric_property-wool-cashmere-care-claim-bound,Q7Q12-搭配陈列业务包/面料工艺品质判断包.md,四、5. 羊毛 / 羊绒 / 毛混类,"最容易误导的是""含毛=高级""""羊绒=永远不起球""""毛类=都要手洗""。 正式风险提示冻结为：摩擦位起球、包带处先老、局部起毛、毡缩、刺痒、肩肘膝鼓包。 能否机洗必须看洗护标；Woolmark 明确说明，只有洗护声明允许机洗的 wool garment 才可安全机洗。",explicit_business_decision,direct_quote,domain_general,KP-fabric_property-wool-cashmere-care-claim-bound
EV-KP-fabric_property-denim-twill-mirror-not-truth,Q7Q12-搭配陈列业务包/面料工艺品质判断包.md,四、6. 牛仔 / 斜纹重棉类,"这类最典型的特点是镜前立得住、陈列也有型，但真正的成交判断不该只看镜前。 最容易误导的是""显瘦有精神""就直接推，忽略久坐、蹲起、闷热、掉色和回缩。 正式风险提示冻结为：腰腹压迫、膝盖鼓包、裆部紧、深色掉色、未经充分预洗时存在回缩和扭斜风险。",explicit_business_decision,direct_quote,domain_general,KP-fabric_property-denim-twill-mirror-not-truth
EV-KP-fabric_property-chiffon-organza-layering-tool,Q7Q12-搭配陈列业务包/面料工艺品质判断包.md,四、7. 雪纺 / 欧根纱 / 轻透材,"这类更适合做层次工具，不适合默认按""主面料安全款""去卖。 最容易误导的是把它当成""显瘦遮肉""单穿主力。 正式风险提示冻结为：透感、静电、勾丝、挂纱、缝口起皱； 精细轻薄材质本身就更容易出现 seam puckering 问题。",explicit_business_decision,direct_quote,domain_general,KP-fabric_property-chiffon-organza-layering-tool
EV-KP-fabric_property-polyester-nylon-functional-no-blanket,Q7Q12-搭配陈列业务包/面料工艺品质判断包.md,四、8. 涤纶 / 锦纶 / 功能化纤类,"这类不能用""化纤""一刀切。它真正的分水岭在纱线、织法、后整理和用途。 最容易误导的是只讲""好打理""，不讲闷、静电、摩擦发亮、面料噪音。 正式风险提示冻结为：静电、热感、发亮、摩擦位先老、表面起毛、里外层手感落差大。",explicit_business_decision,direct_quote,domain_general,KP-fabric_property-polyester-nylon-functional-no-blanket
EV-KP-craft_quality-preshrink-wash-set-after-sale-front,Q7Q12-搭配陈列业务包/面料工艺品质判断包.md,五、1. 预缩 / 水洗 / 定型,"这组正式定义为""售后前置工艺""。 它直接决定一件衣服洗后会不会缩、歪、扭、变短，决定裤线、裙摆、袖长会不会洗一次就走样。 门店说这件""耐穿、稳定、好打理""之前，必须先判断预缩、水洗和定型是否成立。 CottonWorks 明确指出 shrinkage 受面料结构、湿处理、整理以及成衣制造过程共同影响。",explicit_business_decision,direct_quote,domain_general,KP-craft_quality-preshrink-wash-set-after-sale-front
EV-KP-craft_quality-sewing-stitch-pucker-near-eye,Q7Q12-搭配陈列业务包/面料工艺品质判断包.md,五、2. 缝制质量,"这组正式定义为""近看质感工艺""。 顾客不一定会说 seam puckering 这个词，但她一定能看出""这件怎么有点抽、歪、鼓、皱""。 Coats 对 seam puckering 的说明很清楚：它不只是线的问题， 还和 fabric structure、seam construction、thread / needle size 以及 feeding problems 有关。",explicit_business_decision,direct_quote,domain_general,KP-craft_quality-sewing-stitch-pucker-near-eye
EV-KP-craft_quality-fusing-lamination-silhouette-gate,Q7Q12-搭配陈列业务包/面料工艺品质判断包.md,五、3. 粘合衬 / 贴合 / 复合,"这组正式定义为""轮廓成立工艺""。 领口、门襟、驳头、裤头、袖山，一旦衬用错或贴合不稳，陈列时还能撑，穿几次就可能翻边、起泡、脱层。 凡是要用""挺、立、利落、骨架感""做卖点的单品，都要先过这组判断。",explicit_business_decision,direct_quote,domain_general,KP-craft_quality-fusing-lamination-silhouette-gate
EV-KP-craft_quality-dye-fastness-daily-risk,Q7Q12-搭配陈列业务包/面料工艺品质判断包.md,五、4. 染整 / 色牢度,"这组正式定义为""日常使用风险工艺""。 不是只有深色才要看色牢度，浅深拼接、浅色内搭、包带摩擦、汗液摩擦都要看。 凡是顾客会长期背包、贴身穿、或者浅深叠穿的单品，都必须把褪色 / 沾色风险前置说明。",explicit_business_decision,direct_quote,domain_general,KP-craft_quality-dye-fastness-daily-risk
EV-KP-craft_quality-brushing-napping-aging-speed,Q7Q12-搭配陈列业务包/面料工艺品质判断包.md,五、5. 磨毛 / 拉毛 / 起绒 / 防起球,"这组正式定义为""第一触感与老化速度工艺""。 很多单品上手很讨喜，但三次之后就显旧，问题往往不在设计，而在表层处理和摩擦位耐受。 凡是卖点写""软、糯、绒、暖、亲肤""的单品，都要同步判断背包位、腋下、袖口、内侧会不会先起毛、起球、发旧。",explicit_business_decision,direct_quote,domain_general,KP-craft_quality-brushing-napping-aging-speed
EV-KP-craft_quality-pleat-topstitch-pattern-match-care,Q7Q12-搭配陈列业务包/面料工艺品质判断包.md,五、6. 压褶 / 明线 / 对条对格 / 细节收口,"这组正式定义为""讲究感工艺""。 它最直接决定陈列是不是高级、近看是不是用心。 百褶稳不稳、线迹直不直、格纹对不对、滚边净不净，顾客不一定会说术语，但一定会据此把衣服归类成""讲究""还是""将就""。 凡是要卖""做工感、品质感、工艺感""的单品，这组必须先看。",explicit_business_decision,direct_quote,domain_general,KP-craft_quality-pleat-topstitch-pattern-match-care
EV-KP-fabric_property-soft-not-equal-premium,Q7Q12-搭配陈列业务包/面料工艺品质判断包.md,六、误判 1,正式纠偏：软只说明触感，不说明轮廓成立。软垂类面料要同步判断贴肉、挂长、暴露体表痕迹风险。 落盘对象：StylingRule（搭配规则）、TrainingMaterial（培训材料）。,explicit_business_decision,direct_quote,domain_general,KP-fabric_property-soft-not-equal-premium
EV-KP-fabric_property-heavy-not-equal-quality,Q7Q12-搭配陈列业务包/面料工艺品质判断包.md,六、误判 2,正式纠偏：重可能只是厚、闷、压身；质感要看表面、回弹、结构、缝制和使用后的稳定性。 落盘对象：Product（商品）、TrainingMaterial（培训材料）。,explicit_business_decision,direct_quote,domain_general,KP-fabric_property-heavy-not-equal-quality
EV-KP-fabric_property-wrinkle-not-equal-low-grade,Q7Q12-搭配陈列业务包/面料工艺品质判断包.md,六、误判 3,正式纠偏：有些皱是材质特性，不是低级；关键是顾客是否接受这种表情，以及场景是否允许。 落盘对象：FabricKnowledge（面料知识）、TrainingMaterial（培训材料）。,explicit_business_decision,direct_quote,domain_general,KP-fabric_property-wrinkle-not-equal-low-grade
EV-KP-fabric_property-gloss-not-equal-luxe,Q7Q12-搭配陈列业务包/面料工艺品质判断包.md,六、误判 4,正式纠偏：光泽会同步放大体表痕迹、褶印、贴肉和廉价感；不是所有光泽都显贵。 落盘对象：StylingRule（搭配规则）、Product（商品）。,explicit_business_decision,direct_quote,domain_general,KP-fabric_property-gloss-not-equal-luxe
EV-KP-fabric_property-pure-cotton-not-zero-risk,Q7Q12-搭配陈列业务包/面料工艺品质判断包.md,六、误判 5,正式纠偏：纯棉也会透、会卷、会缩、会变形；针织棉更要看领口、下摆和洗后稳定性。 落盘对象：FabricKnowledge（面料知识）、TrainingMaterial（培训材料）。,explicit_business_decision,direct_quote,domain_general,KP-fabric_property-pure-cotton-not-zero-risk
EV-KP-fabric_property-composition-only-no-scenario-bound,Q7Q12-搭配陈列业务包/面料工艺品质判断包.md,六、误判 6,正式纠偏：成分只是起点，真正决定成交的是场景、动作、出汗、久坐、洗护、摩擦。 落盘对象：Product（商品）、product_review（产品测评）。,explicit_business_decision,direct_quote,domain_general,KP-fabric_property-composition-only-no-scenario-bound
EV-KP-craft_quality-store-risk-discipline-evidence-first,Q7Q12-搭配陈列业务包/面料工艺品质判断包.md,七、门店统一口径,"能不能机洗，看洗护标，不看感觉。 会不会缩水，看预缩 / 水洗 / 定型，不看""摸起来稳不稳""。 会不会起皱，看纤维、织法、整理，不看它挂着时平不平。 会不会透，看颜色、厚度、织法、光线，不看静态陈列。 会不会起球，看摩擦场景，不只看材质名。 会不会勾丝，看表面精细度和使用场景，不只看价格。 会不会显廉价，看面料表情、缝制、收口、光泽控制，不看营销词。 会不会翻车，看顾客穿着习惯和容忍度，不看镜前第一眼。",explicit_business_decision,direct_quote,domain_general,KP-craft_quality-store-risk-discipline-evidence-first
EV-KP-training_unit-microlearning-not-long-course,Q7Q12-搭配陈列业务包/培训与纠错包.md,二、训练原则 2.1+2.5,培训要做成 microlearning、just-in-time、scenario-based、Do/Don't，而不是长课；完成的标志不是看过而是现场能复现,explicit_business_decision,direct_quote,domain_general,KP-training_unit-microlearning-not-long-course
EV-KP-training_unit-priority-by-impact-frequency-trust,Q7Q12-搭配陈列业务包/培训与纠错包.md,二、2.2 + 九、priority_error_group,优先顺序只看三件事：conversion_impact / error_frequency / trust_damage；第一优先级只抓影响成交的 8 类,explicit_business_decision,direct_quote,domain_general,KP-training_unit-priority-by-impact-frequency-trust
EV-KP-training_unit-standard-action-vs-judgment-skill,Q7Q12-搭配陈列业务包/培训与纠错包.md,二、2.4 + 十、training_split_policy,standard_action 可以拍成固定步骤；judgment_skill 必须放到情境里练；列出标准动作类与判断力类各自的内容清单,explicit_business_decision,direct_quote,domain_general,KP-training_unit-standard-action-vs-judgment-skill
EV-KP-training_unit-customer-first-look-judgment,Q7Q12-搭配陈列业务包/培训与纠错包.md,五、C1 first_look_judgment,先看顾客是在找场景、找问题解法还是找具体衣服；20 秒内判断顾客属于场景型/单品型/体感型/价格型,explicit_business_decision,direct_quote,domain_general,KP-training_unit-customer-first-look-judgment
EV-KP-training_unit-try-on-guidance-one-main-one-backup,Q7Q12-搭配陈列业务包/培训与纠错包.md,五、C2 try_on_guidance,先解决顾客最担心的一点再让她试；一轮只推 1 主方案 + 1 备选；试穿后顾客能说出这件为什么适合或不适合,explicit_business_decision,direct_quote,domain_general,KP-training_unit-try-on-guidance-one-main-one-backup
EV-KP-training_unit-body-shape-objection-structure-points,Q7Q12-搭配陈列业务包/培训与纠错包.md,五、C3 body_shape_objection,用版型、比例、重心解释；必须指出肩线、腰线、下摆、裤长哪个在起作用；员工能说出至少 2 个具体结构点,explicit_business_decision,direct_quote,domain_general,KP-training_unit-body-shape-objection-structure-points
EV-KP-training_unit-fabric-touch-before-spec,Q7Q12-搭配陈列业务包/培训与纠错包.md,五、C4 fabric_touch_explanation,让顾客摸关键点再解释；服装很多成交靠体感不靠术语；先触感后参数；员工会用摸袖口/摸里层/摸领口做演示,explicit_business_decision,direct_quote,domain_general,KP-training_unit-fabric-touch-before-spec
EV-KP-training_unit-styling-error-top-priority-eight,Q7Q12-搭配陈列业务包/培训与纠错包.md,六/七/九,第一优先级只抓 8 类直接影响成交的错误；这 8 类先练熟门店成交会最先变化,explicit_business_decision,direct_quote,domain_general,KP-training_unit-styling-error-top-priority-eight
EV-KP-training_unit-substitution-honest-disclosure,Q7Q12-搭配陈列业务包/培训与纠错包.md,五、C8 + 八、I1-I8,讲清是同款替代、近色替代还是整套转向；把替代款说成原款最伤信任；承认变化再解释为什么仍成立,explicit_business_decision,direct_quote,domain_general,KP-training_unit-substitution-honest-disclosure
EV-KP-training_unit-on-floor-four-layer-assessment,Q7Q12-搭配陈列业务包/培训与纠错包.md,十一、on_floor_assessment_protocol,现场验收不做背题考试做 4 层：A 动作复现 / B 情境应答 / C 正误辨识 / D 神秘顾客复盘,explicit_business_decision,direct_quote,domain_general,KP-training_unit-on-floor-four-layer-assessment
EV-KP-training_unit-auto-trigger-rules,Q7Q12-搭配陈列业务包/培训与纠错包.md,十二、training_trigger_rules,满足以下任一条件就应自动生成或推送对应 TrainingMaterial：同类搭配错误 3 次/同陈列面 2 次被改回/断码救场连续失败/退货理由连续/答不一致/救场转化偏低,explicit_business_decision,direct_quote,domain_general,KP-training_unit-auto-trigger-rules
EV-KP-training_unit-role-binding-frontline-priority,Q7Q12-搭配陈列业务包/培训与纠错包.md,十三、role_profile_binding,核心岗位 store_manager / sales_associate / warehouse_supervisor；次级 merchandising_director / designer / sample_worker；首批训练最需要的人是前线会接、会摆、会救场的人,explicit_business_decision,direct_quote,domain_general,KP-training_unit-role-binding-frontline-priority
EV-KP-training_unit-color-hesitation-disambiguation,Q7Q12-搭配陈列业务包/培训与纠错包.md,五、C5 color_hesitation_handling,先判断顾客是怕难搭、怕显黑、怕不耐脏还是怕不够正式；颜色问题背后常常不是颜色而是场景；员工能区分颜色审美问题和场景安全感问题,explicit_business_decision,direct_quote,domain_general,KP-training_unit-color-hesitation-disambiguation
EV-KP-display_rule-window-display-purpose,Q7Q12-搭配陈列业务包/陈列方法包.md,二、1. window_display + 三、1）拦人 + 四、库存校验联动,业务目标：拦人、定调、拉进店。 适合库存状态：new_arrival_complete / core_push_deep_stock / full_look_ready。 最容易犯的错：店外好看、店内拿不齐；一窗塞太多；道具比货重；季节和店内货不一致。 培训层级：新人只学单主题、单焦点；店长 / 老手才负责橱窗节奏和换窗。,explicit_business_decision,direct_quote,domain_general,KP-display_rule-window-display-purpose
EV-KP-display_rule-mannequin-display-purpose,Q7Q12-搭配陈列业务包/陈列方法包.md,二、2. mannequin_display + 四、联动（必须回指 StylingRule、过库存校验）,业务目标：把单品变成可想象的穿着结果，提升试穿率和整套带走率。 最容易犯的错：模特穿得像大片，不像门店；主件有货，配件没货；层次过重，现实里穿不了。 培训层级：新人学单模特标准搭法；店长 / 老手学多模特故事线和替换逻辑。 mannequin_display 与 full_look_display 必须回指 StylingRule，不得凭审美硬搭。,explicit_business_decision,direct_quote,domain_general,KP-display_rule-mannequin-display-purpose
EV-KP-display_rule-front-hanging-purpose,Q7Q12-搭配陈列业务包/陈列方法包.md,二、3. front_hanging_display + 三、5）适合培训新人,"业务目标：让顾客一眼看懂今天主推哪件，快速产生拿取动作。 最容易犯的错：一排都是重点；颜色、风格、长度乱；挂的是没货样子款。 什么叫""看着高级但卖不动""：色序很顺，但没有第一主款，顾客看完还是不知道先试哪件。 培训层级：首批重点给新人训练。最适合 Do/Don't 对照和日常复盘。",explicit_business_decision,direct_quote,domain_general,KP-display_rule-front-hanging-purpose
EV-KP-display_rule-side-hanging-purpose,Q7Q12-搭配陈列业务包/陈列方法包.md,二、4. side_hanging_display + 三、5）适合培训新人,"业务目标：承接颜色、尺码、版型选择，支持顾客连续浏览和补选。 最容易犯的错：像仓库，不像卖场；挂得太满；尺码和颜色顺序乱；季节混挂。 什么叫""看着高级但卖不动""：整杆颜色很顺，但顾客不敢翻、不愿拿，一摸就乱，乱了没人恢复。 培训层级：首批给新人训练。它是日常维护基本功。",explicit_business_decision,direct_quote,domain_general,KP-display_rule-side-hanging-purpose
EV-KP-display_rule-folded-display-purpose,Q7Q12-搭配陈列业务包/陈列方法包.md,二、5. folded_display + 三、5）适合培训新人 + 培训形态：俯拍 / Do/Don't / before-after,"业务目标：让顾客看见面料、顺手上手、顺手加购。 最容易犯的错：叠太高；尺码混叠；没有打开样件；只求齐，不求顾客敢碰。 什么叫""看着高级但卖不动""：像买手店桌面，但顾客不敢抽、不知道展开后长什么样。 培训层级：首批重点给新人训练。最适合俯拍操作台、Do/Don't、before/after。 仓库培训真源也已把折叠、挂装、陈列 before/after、错误 vs 正确作为高价值训练形态。",explicit_business_decision,direct_quote,domain_general,KP-display_rule-folded-display-purpose
EV-KP-display_rule-display-first-then-speak,Q7Q12-搭配陈列业务包/门店接客场景包.md,三、4）适合先陈列后开口的场景正式冻结,4）适合先陈列后开口的场景，正式冻结为 4 类 ready_made_full_set（现成成套型） new_item_cannot_style（新款不会搭型） weekend_social（周末社交型） 看中门口模特 / 成套位再开口的顾客,explicit_business_decision,direct_quote,domain_general,KP-display_rule-display-first-then-speak
EV-KP-inventory_rescue-can-rescue-scenarios,Q7Q12-搭配陈列业务包/门店接客场景包.md,三、2）断码时还能救的场景正式冻结,2）断码时还能救的场景，正式冻结为 5 类 commute_mainstay（通勤主力型） weekend_social（周末社交型） functional_gap_fill（功能补位型） new_item_cannot_style（新款不会搭型） repeat_purchase_replenish（复购补货型）,explicit_business_decision,direct_quote,domain_general,KP-inventory_rescue-can-rescue-scenarios
EV-KP-inventory_rescue-no-rescue-scenarios,Q7Q12-搭配陈列业务包/门店接客场景包.md,三、3）断码时不该硬救的场景正式冻结,3）断码时不该硬救的场景，正式冻结为 3 类 shape_correction（显瘦修身型） comfort_sensitive（体感敏感型） urgent_full_look（应急一身型） 中主件断码的情况,explicit_business_decision,direct_quote,domain_general,KP-inventory_rescue-no-rescue-scenarios
EV-KP-service_judgment-budget-controlled,Q7Q12-搭配陈列业务包/门店接客场景包.md,二、9. budget_controlled + 三、1）卡在第二套 + 三、5）必须先问再推,"顾客最常见原话：""预算就这些，你帮我挑最值的。"" 店员第一反应：先问预算是买一件主力，还是买两件组合；是看单价，还是看利用率。 最容易卡住：第二套、第三套。顾客要的是确定性，不是更多选项。 库存不理想怎么转向：可以救。但不能一直加件数，必须把重点拉回""穿出去几次""。",explicit_business_decision,direct_quote,domain_general,KP-service_judgment-budget-controlled
EV-KP-service_judgment-commute-mainstay,Q7Q12-搭配陈列业务包/门店接客场景包.md,二、2. commute_mainstay + 三、2）断码可救,"顾客最常见原话：""我想找一套平时上班最常穿的。"" 店员第一反应：先问通勤方式、办公室温度、要不要开会、平时更在意利落还是舒服。 最容易卡住：第二套。顾客容易觉得""都能穿，但没理由买""。 库存不理想怎么转向：可以救。核心保功能：耐穿、好搭、不出错。颜色和细节可以灵活替。",explicit_business_decision,direct_quote,domain_general,KP-service_judgment-commute-mainstay
EV-KP-service_judgment-functional-gap-fill,Q7Q12-搭配陈列业务包/门店接客场景包.md,二、6. functional_gap_fill + 三、2）断码可救 + 三、5）必须先问再推,"顾客最常见原话：""我家里都有，就缺一件外套/裤子/内搭。"" 店员第一反应：先问她家里已有的主色、主版型、最常穿去哪里。 最容易卡住：不是卡第二套，而是卡""利用率有没有讲透""。 库存不理想怎么转向：最容易救。因为买的是功能位，不是唯一款。只要能补全衣柜缺口，就能转。",explicit_business_decision,direct_quote,domain_general,KP-service_judgment-functional-gap-fill
EV-KP-service_judgment-greeting-master-principles,Q7Q12-搭配陈列业务包/门店接客场景包.md,一、2）接客总原则正式冻结,2）接客总原则正式冻结 先判任务，再推货。 先问顾虑，再给第一套。 第一套是开门，第二套才是成交，第三套是兜底。 断码能不能救，先看场景，不先看嘴。,explicit_business_decision,direct_quote,domain_general,KP-service_judgment-greeting-master-principles
EV-KP-service_judgment-must-ask-first,Q7Q12-搭配陈列业务包/门店接客场景包.md,三、5）必须先问再推的场景正式冻结,5）必须先问再推的场景，正式冻结为 6 类 urgent_full_look（应急一身型） shape_correction（显瘦修身型） comfort_sensitive（体感敏感型） budget_controlled（预算控制型） functional_gap_fill（功能补位型） repeat_purchase_replenish（复购补货型）,explicit_business_decision,direct_quote,domain_general,KP-service_judgment-must-ask-first
EV-KP-service_judgment-new-item-cannot-style,Q7Q12-搭配陈列业务包/门店接客场景包.md,二、7. new_item_cannot_style + 三、2）断码可救 + 三、4）先陈列后开口,"顾客最常见原话：""这件我喜欢，但我不知道怎么搭。"" 店员第一反应：必须先给两条路：一条保守穿法，一条出彩穿法。 最容易卡住：第二套、第三套。第一套只是""能搭""，第二套才决定""买回去会不会穿""。 库存不理想怎么转向：可救。关键不是守住原配件，是守住使用路径：上班怎么穿，周末怎么穿，换鞋怎么变。",explicit_business_decision,direct_quote,domain_general,KP-service_judgment-new-item-cannot-style
EV-KP-service_judgment-ready-made-full-set,Q7Q12-搭配陈列业务包/门店接客场景包.md,二、5. ready_made_full_set + 三、4）先陈列后开口 + 三、1）卡在第二套,"顾客最常见原话：""你直接给我搭一套，我不想自己想。"" 店员第一反应：先判断她要的是省心、速度，还是她确实不会搭。 最容易卡住：第二套。第一套只解决""现成""，第二套才解决""值不值得整套带走""。 库存不理想怎么转向：可救，但必须保整体感觉。不是一件一件乱换，是保留同一气质和同一使用场景。",explicit_business_decision,direct_quote,domain_general,KP-service_judgment-ready-made-full-set
EV-KP-service_judgment-repeat-purchase-replenish,Q7Q12-搭配陈列业务包/门店接客场景包.md,二、10. repeat_purchase_replenish + 三、2）断码可救 + 三、5）必须先问再推,"顾客最常见原话：""我上次买那条裤子挺好穿的，再给我拿一条类似的。"" 店员第一反应：先问她上次满意的是版型、长度、面料、颜色，还是穿着场景。 最容易卡住：第二套。顾客会拿旧款做对照，容错很低。 库存不理想怎么转向：可救，但只能在同逻辑下替。不能拿""差不多""糊弄老客。",explicit_business_decision,direct_quote,domain_general,KP-service_judgment-repeat-purchase-replenish
EV-KP-service_judgment-second-third-set-blocker,Q7Q12-搭配陈列业务包/门店接客场景包.md,三、1）最容易卡在第二/第三套推荐的场景正式冻结,1）最容易卡在第二套 / 第三套推荐的场景，正式冻结为 5 类 urgent_full_look（应急一身型） shape_correction（显瘦修身型） ready_made_full_set（现成成套型） new_item_cannot_style（新款不会搭型） budget_controlled（预算控制型）,explicit_business_decision,direct_quote,domain_general,KP-service_judgment-second-third-set-blocker
EV-KP-service_judgment-shape-correction,Q7Q12-搭配陈列业务包/门店接客场景包.md,二、4. shape_correction + 三、3）断码不救,"顾客最常见原话：""我胯大/肩宽/腿粗，你给我找个修一点的。"" 店员第一反应：先定位她最在意的身体部位，再确认她能接受的松量、长度、腰线和露肤点。 最容易卡住：第二套、第三套最容易翻车。因为她不是在买衣服，是在买安全感。 库存不理想怎么转向：原则上不硬救。关键版型、关键长度、关键落肩不对，话术再好都不能救。",explicit_business_decision,direct_quote,domain_general,KP-service_judgment-shape-correction
EV-KP-service_judgment-urgent-full-look,Q7Q12-搭配陈列业务包/门店接客场景包.md,二、1. urgent_full_look + 三、1）卡在第二/第三套 + 三、3）断码不救,"顾客最常见原话：""后天有事，你给我配一身能直接穿出去的。"" 店员第一反应：先问场合、对象、天气、时长、想显得正式还是松一点。 最容易卡住：第二套、第三套。第一套只是""能去""，第二套才决定""像不像她自己""。 库存不理想怎么转向：主件优先，辅件可替。外套/连衣裙/主上衣不断，鞋包配角可转。不许用完全不同气质硬转。",explicit_business_decision,direct_quote,domain_general,KP-service_judgment-urgent-full-look
EV-KP-service_judgment-weekend-social,Q7Q12-搭配陈列业务包/门店接客场景包.md,二、3. weekend_social + 三、4）先陈列后开口,"顾客最常见原话：""周末出去吃饭、逛街、拍照，想穿得有点感觉。"" 店员第一反应：先问是见朋友、见对象、见家人，想要松弛、精致还是显气色。 最容易卡住：第二套、第三套。因为顾客买的不是实用，是状态感。 库存不理想怎么转向：可救，但只能同气质转。不能从松弛感硬转商务感。",explicit_business_decision,direct_quote,domain_general,KP-service_judgment-weekend-social
EV-KP-training_unit-greeting-format-lock,Q7Q12-搭配陈列业务包/门店接客场景包.md,四、TrainingMaterial 承接方式正式冻结,"围绕这 10 类接客场景，首批培训只做 4 种格式： branching_scenario（分支情境训练） do_dont_contrast（Do/Don't 对照） pre_shift_micro_coaching（班前微教练） error_replay（错误先发生再倒回重来） 长视频一次讲完、统一话术灌输、PPT 录屏，默认禁用。 培训目标不是""讲得不错""，而是员工下次真遇到场景时自动跳出正确动作。",explicit_business_decision,direct_quote,domain_general,KP-training_unit-greeting-format-lock
EV-KP-service_judgment-private-outlet-needs-sales-associate-base,Q4-人设种子/phase-3-Q4-首批Persona-RoleProfile清单.md,六、6.2,如果不补，styling_advisor（穿搭顾问）这套人设会缺岗位底座，导致它虽然名字成立， 但真实感和专业度来源不清。更重要的是：对服装零售业务，门店导购的朋友圈是出货主战场—— 导购人设如果没有对应的岗位知识底座，私域内容生成就会空心。这在 Q3 新增 PrivateOutletChannel （私域出口位）之后变得尤其致命。,explicit_business_decision,direct_quote,domain_general,KP-service_judgment-private-outlet-needs-sales-associate-base
EV-KP-training_unit-founder-profile-brand-unique-layer,Q4-人设种子/phase-3-Q4-首批Persona-RoleProfile清单.md,一、1.1 + 二、2.1 + 六、6.3,"该层当前只包含 FounderProfile（创始人画像）。特点：每品牌有且仅有一份；不可复用； 服务于 founder_ip（创始人 IP）这条内容线；不进入通用 Persona（人设）编号体系。 FounderProfile（创始人画像）不是""第 4 套通用人设""，而是品牌唯一层。 对象性质不同、权限边界不同、服务题材不同，不能为了表面对称而把它硬塞进通用 Persona 体系。",explicit_business_decision,direct_quote,domain_general,KP-training_unit-founder-profile-brand-unique-layer
EV-KP-training_unit-founder-profile-soft-use-no-rename,Q4-人设种子/phase-3-Q4-首批Persona-RoleProfile清单.md,二、2.1 说明,"对于""没有明显创始人文化""的品牌（老板不愿出镜 / 加工厂转型品牌 / 多人合伙无单一创始人）， 按 Q1 §柔性使用的口径，允许不填 FounderProfile、不启用 founder_ip 题材—— 这是启用与否的问题，不是命名贴不贴的问题，不需要通过更名解决。",explicit_business_decision,direct_quote,domain_general,KP-training_unit-founder-profile-soft-use-no-rename
EV-KP-training_unit-persona-vs-roleprofile-layering,Q4-人设种子/phase-3-Q4-首批Persona-RoleProfile清单.md,六、6.1 + 四、说明,因为首批冷启动阶段，系统更需要的是少量高频、可持续、可被 Prompt / Skill / 运营反复调用的 通用人设壳，而不是一上来就把所有岗位都升格成独立 Persona。岗位本身的专业度和真实性， 应该由 RoleProfile（岗位画像）来补。这样既符合最佳工程实践，也更符合内容生产的稳定性要求。 岗位知识是人设真实感底座，这一点冷启动规划已经明确。,explicit_business_decision,direct_quote,domain_general,KP-training_unit-persona-vs-roleprofile-layering
EV-KP-training_unit-roleprofile-not-speaking-shell,Q4-人设种子/phase-3-Q4-首批Persona-RoleProfile清单.md,四、说明 + 六、6.2,"RoleProfile（岗位画像）是具体岗位知识来源，不是""说话身份壳""。它的职责是为通用 Persona（人设） 提供岗位动作、术语、困境、真实性锚点和知识素材底座。 冷启动知识底座建设规划已明确：没有岗位知识，人设会空心。",explicit_business_decision,direct_quote,domain_general,KP-training_unit-roleprofile-not-speaking-shell
EV-KP-product_attribute-persona-six-field-shell,Q4-人设种子/phase-3-Q4-参数级填充清单.md,三、字段层参数清单,Persona 的正式字段壳：role_type / life_archetype / emotional_spectrum / authenticity_anchors / topic_scope / typical_scenarios,explicit_business_decision,direct_quote,domain_general,KP-product_attribute-persona-six-field-shell
EV-KP-product_attribute-persona-field-fill-state,Q4-人设种子/phase-3-Q4-参数级填充清单.md,三、字段层参数清单 + 八、总表,已冻结/候选待填/待补证三档分类口径,explicit_business_decision,direct_quote,domain_general,KP-product_attribute-persona-field-fill-state
EV-KP-product_attribute-compatible-with-edge-properties,Q4-人设种子/phase-3-Q4-参数级填充清单.md,八 · 字段口径,support = now | enhanced | custom | unsupported / risk = low | medium | high / reason = string,explicit_business_decision,direct_quote,domain_general,KP-product_attribute-compatible-with-edge-properties
EV-KP-service_judgment-platform-derivation-not-source,Q4-人设种子/phase-3-Q4-参数级填充清单.md,五 + 范围约束,派生视图不是真源不写入图谱；不新建 ContentType × Platform 关系边；不引入 DistributionTarget,explicit_business_decision,direct_quote,domain_general,KP-service_judgment-platform-derivation-not-source
EV-KP-service_judgment-frontline-cover-public-and-private,Q4-人设种子/phase-3-Q4-参数级填充清单.md,5.4,凡首批与导购 / 门店经营强相关的内容线其派生视图必须同时覆盖公域分发位与私域出口位不得只做公域,explicit_business_decision,direct_quote,domain_general,KP-service_judgment-frontline-cover-public-and-private
EV-KP-service_judgment-derivation-formula-eight-row,Q4-人设种子/phase-3-Q4-参数级填充清单.md,5.2 + 5.3,派生公式 8 行组合规则表 → 4 档对外展示档,explicit_business_decision,direct_quote,domain_general,KP-service_judgment-derivation-formula-eight-row
EV-KP-training_unit-store-manager-rhythm-first,Q7Q12-搭配陈列业务包/岗位手感与一线判断包.md,五、1. store_manager（门店店长）,老店长不是先看这件衣服漂不漂亮而是先看今天这家店的节奏顺不顺；先看货场有没有主次再看店员有没有站位再看顾客有没有停顿最后看后场和库存能不能接住；这个岗位的核心不是会卖而是让整家店不乱；老店长一眼先看四件事,explicit_role_skill_lock,direct_quote,domain_general,KP-training_unit-store-manager-rhythm-first
EV-KP-training_unit-warehouse-supervisor-fact-not-promise,Q7Q12-搭配陈列业务包/岗位手感与一线判断包.md,五、2. warehouse_supervisor（仓库主管）,仓库主管的手感不在会整理而在能不能让前场承诺和后场事实对得上；仓库最怕前场怎么乱推：不看库存深度就承诺成套断码当齐码卖调货周期没确认就答应顾客替代款按同款卖前台卖法和后场实际货况脱节,explicit_role_skill_lock,direct_quote,domain_general,KP-training_unit-warehouse-supervisor-fact-not-promise
EV-KP-training_unit-designer-locate-defect-source,Q7Q12-搭配陈列业务包/岗位手感与一线判断包.md,五、4. designer（设计师）,设计师的手感不是会想而是知道一件衣服的问题到底出在版型面料还是细节；新人最容易学歪：把审美好当成设计成立把灵感当成可落地把改版多次理解成不专业把坚持自我理解成不听反馈,explicit_role_skill_lock,direct_quote,domain_general,KP-training_unit-designer-locate-defect-source
EV-KP-training_unit-sample-worker-rework-as-judgment,Q7Q12-搭配陈列业务包/岗位手感与一线判断包.md,五、5. sample_worker（样衣工）,做出来和做得好是两回事；返工不是丢脸是工艺判断的一部分；线迹裁片返工痕迹都是证据不是边角料；新人最容易学歪：只追求完成不追求质感只看图不看工艺单返工时只补表面不补根因以为快就是熟练,explicit_role_skill_lock,direct_quote,domain_general,KP-training_unit-sample-worker-rework-as-judgment
EV-KP-training_unit-merch-director-stylable-not-sellable,Q7Q12-搭配陈列业务包/岗位手感与一线判断包.md,五、7. merchandising_director（商品总监）,商品总监的手感在于把好看能卖可补可推适合门店这几件事同时放在一张图上看；最在意搭得好看但卖不动；只顾单套出片不顾货品结构只顾模特效果不顾普通顾客体感只顾内容传播不顾门店承接只顾主推单品不顾连带与价格带,explicit_role_skill_lock,direct_quote,domain_general,KP-training_unit-merch-director-stylable-not-sellable
EV-KP-inventory_rescue-customer-priority-six-axes,Q7Q12-搭配陈列业务包/库存与替代包.md,五、5.1 接客优先级,"5.1 接客优先级 wearability（能不能穿）→ occasion_fit（场景能不能成立）→ silhouette_match（廓形像不像） → color_family_match（色群近不近）→ price_band_match（价带稳不稳）→ fabric_detail_match（面料细节像不像） 解释：先保顾客""今天能不能用""，再保""像不像原来那件""。",explicit_business_decision,direct_quote,domain_general,KP-inventory_rescue-customer-priority-six-axes
EV-KP-inventory_rescue-display-priority-five-axes,Q7Q12-搭配陈列业务包/库存与替代包.md,五、5.2 陈列优先级,5.2 陈列优先级 story_theme_match（主题是否仍成立）→ color_story_match（色群叙事是否仍成立） → silhouette_layer_match（层次是否还成立）→ sellable_depth（可售深度够不够） → price_band_match（价带是否协调） 解释：陈列先保画面逻辑，再保卖货深度。,explicit_business_decision,direct_quote,domain_general,KP-inventory_rescue-display-priority-five-axes
EV-KP-inventory_rescue-hard-block-five-conditions,Q7Q12-搭配陈列业务包/库存与替代包.md,四、4.1 hard_block H1-H5,"4.1 hard_block（硬拦截） H1 size_unwearable（尺码不可穿）顾客核心尺码缺失，且品类高版型敏感 H2 inventory_stale（库存事实过期）last_sync 过旧，无法确认实际可售 H3 set_promise_broken（成套承诺失效）内容、陈列或导购在卖""整套感""，但关键件缺失 H4 color_mandatory_missing（强锚定颜色缺失）颜色本身就是成交条件 H5 trust_damage_substitution（替代会明显伤信任）替代后核心体感、廓形、场景已经变了还假装差不多",explicit_business_decision,direct_quote,domain_general,KP-inventory_rescue-hard-block-five-conditions
EV-KP-inventory_rescue-match-result-output-shape,Q7Q12-搭配陈列业务包/库存与替代包.md,十一、inventory_match_result + 状态枚举,inventory_match_result（库存匹配结果）每次运行 inventory_match 至少输出： match_status / inventory_state_id / decision_mode / hard_block_reason / recommended_substitution_path / display_permission_level / training_trigger_list / customer_explanation_hint 状态枚举建议：direct_match / soft_substitute / redirect_required / ha,explicit_business_decision,direct_quote,domain_general,KP-inventory_rescue-match-result-output-shape
EV-KP-inventory_rescue-shallow-vs-deep-sensing,Q7Q12-搭配陈列业务包/库存与替代包.md,七、inventory_sensing_boundary,"7.1 shallow_inventory_sensing：有货/无货 / 大概数量 / 最近同步时间。 能力上限：只能做""过滤""，做不了""前线动作指导""。 7.2 deep_inventory_sensing：哪个颜色断 / 哪个尺码断 / 核心成交码 / fit_sensitivity / 还能不能做主陈列 / rescue 还是 redirect / 是否触发培训 / 替代路径会不会伤信任。 能力目标：从""库存过滤器""升级为""前线判断器""。",explicit_business_decision,direct_quote,domain_general,KP-inventory_rescue-shallow-vs-deep-sensing
EV-KP-inventory_rescue-soft-substitute-four-paths,Q7Q12-搭配陈列业务包/库存与替代包.md,四、4.2 soft_substitute R1-R4,"4.2 soft_substitute（软替代） R1 same_sku_other_color（同款异色）最优软替代 R2 near_color_family（近色群替代）适合非强颜色锚定需求 R3 same_occasion_same_silhouette（同场景同廓形异款）高质量转向型替代 R4 same_item_new_pairing_piece（单品不变，搭配件替换）适合""主角单品仍成立""的情况",explicit_business_decision,direct_quote,domain_general,KP-inventory_rescue-soft-substitute-four-paths
EV-KP-inventory_rescue-state-catalog-six-states,Q7Q12-搭配陈列业务包/库存与替代包.md,三、inventory_state_catalog S1-S6 + 十四、A,inventory_state_catalog（库存状态清单） S1 size_complete（尺码齐全）/ S2 size_broken（断码）/ S3 color_broken（断色）/ S4 single_size_tail（单码尾货）/ S5 single_item_only（只有单品，凑不成套）/ S6 alternate_not_same_sku（有替代款但不是同款） 每条都给出：定义 / 推荐 / 陈列 / 替代深度 / 话术模式 / 直接放弃。 本包正式派生 3 张清单：A. inventory_state_catalog（库存状态清单）首批 6 条。,explicit_business_decision,direct_quote,domain_general,KP-inventory_rescue-state-catalog-six-states
EV-KP-inventory_rescue-three-sentence-discipline,Q7Q12-搭配陈列业务包/库存与替代包.md,十三、13.1 + 13.2,"13.1 三句话纪律 第一句，先讲事实，不先讲神话。 第二句，能救场就救场，不能救场就转向。 第三句，转向不了就放弃，不拿信任换一单。 13.2 三个禁止 禁止把断码款继续当""全员适推款"" 禁止把替代款说成原款 禁止为了去库存，让顾客替门店承担不合适",explicit_business_decision,direct_quote,domain_general,KP-inventory_rescue-three-sentence-discipline
EV-KP-product_attribute-persona-three-shell-coverage,Q4-人设种子/phase-3-Q4-三套通用Persona首批卡片.md,卡片1/2/3 元数据 + 本稿结论,三套通用 Persona（人设）首批卡片，候选 v0.1 先冻结为： store_operator（门店经营者）— 门店经营、秩序维护、带队复盘、后场协同 styling_advisor（穿搭顾问）— 前台接客、试穿建议、搭配判断、顾客体感翻译 product_professional（商品专业者）— 设计、打样、工艺、面料、版型、商品判断与专业叙事,explicit_business_decision,direct_quote,domain_general,KP-product_attribute-persona-three-shell-coverage
EV-KP-product_attribute-persona-shell-not-equal-role,Q4-人设种子/phase-3-Q4-三套通用Persona首批卡片.md,卡片 1/2/3 §1 + §2.1,"store_operator（门店经营者）不是""店长岗位本身""，而是一个围绕门店经营与执行秩序的通用说话身份壳。 styling_advisor（穿搭顾问）不是""会卖货的人""，而是一个把商品语言翻译成顾客体感语言的通用说话身份壳。 product_professional（商品专业者）不是""讲专业术语的人""，而是一个把产品为什么成立、为什么不成立讲清楚的通用说话身份壳。 [role_type] 由于 store_operator 是通用 Persona 壳，不宜硬填成单一岗位；冷启动阶段由其挂接岗位共同支撑。",explicit_business_decision,direct_quote,domain_general,KP-product_attribute-persona-shell-not-equal-role
EV-KP-training_unit-persona-anti-pattern-checklist,Q4-人设种子/phase-3-Q4-三套通用Persona首批卡片.md,卡片 1/2/3 §4 最怕写成,[store_operator] 写成万能门店鸡汤号 / 只有管理口号没有真实门店动作 / 只讲前台热闹不讲后场协同 / 只有正能量没有疲惫救火复盘 [styling_advisor] 写成强推型销售话术号 / 只会夸不会排雷 / 只会说参数不会翻译成身体体感 / 像客服脚本不像一线导购 [product_professional] 只剩术语堆砌没有真实判断 / 只有专业感没有失败疲惫返工 / 像产品说明书不像活人在说话 / 像品牌宣传片不像经历过现场的人,explicit_business_decision,direct_quote,domain_general,KP-training_unit-persona-anti-pattern-checklist
EV-KP-training_unit-collect-real-action-before-script,Q4-人设种子/phase-3-Q4-首批岗位知识素材清单.md,二、2.1,岗位知识素材优先级必须是：1. 真实动作 → 2. 真实判断 → 3. 真实困境 → 4. 真实话术 → 5. 真实情绪 → 6. 再往后才是总结性表达。 否则最容易采到一堆漂亮口号，最后填不出 authenticity_anchors（真实性锚点） 与 typical_scenarios（典型场景）。,explicit_business_decision,direct_quote,domain_general,KP-training_unit-collect-real-action-before-script
EV-KP-training_unit-evidence-shape-four-types,Q4-人设种子/phase-3-Q4-首批岗位知识素材清单.md,二、2.4,每条素材至少要标清它属于哪种证据形态： 口述类：访谈、复盘、对话记录； 动作类：视频、照片、现场步骤记录； 文档类：SOP、工艺单、培训资料、表格、清单； 物证类：样衣、吊牌、货架、退货单、纸条、调货记录。 没有证据形态，只剩转述总结，可信度会大幅下降。,explicit_business_decision,direct_quote,domain_general,KP-training_unit-evidence-shape-four-types
EV-KP-training_unit-collect-failure-not-only-success,Q4-人设种子/phase-3-Q4-首批岗位知识素材清单.md,二、2.5,"如果素材全是""标准答案""和""成功案例""，系统会长出很重的 AI 味。 岗位知识尤其应该主动收：做砸过什么 / 最怕什么 / 最常卡在哪 / 哪一句最不该说 / 哪一种判断最容易失手。 这类素材最容易生成真实的 authenticity_anchors（真实性锚点）和 emotional_spectrum（情绪光谱）。",explicit_business_decision,direct_quote,domain_general,KP-training_unit-collect-failure-not-only-success
EV-KP-training_unit-role-material-five-kinds-minimum,Q4-人设种子/phase-3-Q4-首批岗位知识素材清单.md,二、2.6 + 七、结论,冷启动阶段，每个 RoleProfile（岗位画像）至少要准备以下 5 类素材： 1. 岗位日常动作清单；2. 岗位判断句 / 经验句；3. 岗位高频问题与失败案例； 4. 岗位典型场景与时间节点；5. 岗位特有物件 / 空间 / 证物。 如果还能补到第 6、7 类，会更稳：6. 岗位对话碎片；7. 岗位不能说什么 / 不该越界什么。 每岗最低要求：至少准备 5 类基础素材 + 至少拿到 3 个硬证据。,explicit_business_decision,direct_quote,domain_general,KP-training_unit-role-material-five-kinds-minimum
EV-KP-training_unit-cold-start-role-priority-frontline,Q4-人设种子/phase-3-Q4-首批岗位知识素材清单.md,四、4.1 + 4.2,P0（第一轮必须先拿到）这 4 个岗位优先级最高：sales_associate / store_manager / designer / sample_worker。因为它们分别对应：前台接客转化 / 门店经营秩序 / 设计判断 / 工艺落地。这 4 个岗位一旦有了最小素材包，三套通用 Persona 就都不会空转： styling_advisor ← sales_associate / store_operator ← store_manager / product_professional ← designer + sample_worker。 P1（第二轮补齐）：warehouse_s,explicit_business_decision,direct_quote,domain_general,KP-training_unit-cold-start-role-priority-frontline
EV-KP-product_attribute-engine-card-vs-play-card-shell,Q2-内容类型种子/_shared-narrative-engines-v0.1.md,与 13 份 ContentType 交付物的关键差异点,"玩法卡：10 字段（档位/定义/北极星/元素/分镜/服装钩子/可行性/AI/来源/备注） 引擎卡：10 字段（出处/原理/为什么高级/降维执行/分镜/服装适配/可调用ContentType/可行性/AI/备注） ""玩法是具体的、属于某个 ContentType 的；引擎是抽象的、可被多个 ContentType 复用的""。",explicit_business_decision,direct_quote,domain_general,KP-product_attribute-engine-card-vs-play-card-shell
EV-KP-product_attribute-play-card-scenario-tag-three-values,Q2-内容类型种子/_shared-narrative-engines-v0.1.md,§H.2 β 适用场景标签,"三种取值：lead_generation（引流 / 第一层吸引消费者）/ customer_service（接客 / 第二层服务进店顾客）/ both（两者通用） 作用：为每张玩法卡（C1/C2/C3）标注其""业务层归属""，AI 生成时按当前业务场景筛选玩法 退化案例：training_material 9 张 C2/C3 全标 customer_service —— 因受众是员工 / 这是合理退化 / 不视为字段冗余 维护原则：取值枚举只在本节定义 / 单 CT 不发明新取值 / 新增取值需走""共享层升级流程""",explicit_business_decision,direct_quote,domain_general,KP-product_attribute-play-card-scenario-tag-three-values
EV-KP-product_attribute-play-card-tier-three-values,Q2-内容类型种子/_shared-narrative-engines-v0.1.md,§J.1 玩法分级标准,"instant：单次拍摄、单条 ≤ 4 小时即可完成 / 1 人 + 手机 + ≤ 200 元 + ≤ 4 小时（基线）/ 默认调用池 long_term：需要跨天/跨周/跨月素材积累，单次拍摄合规但系列需要长期运营 / 默认调用池 + 元数据标""长期"" brand_tier：多人协作 / 跨地点采集 / 品牌预算超出个人创作基线 / 不在基线内 / 不进入默认调用池 / 仅在用户主动选择""品牌模式""时调用",explicit_business_decision,direct_quote,domain_general,KP-product_attribute-play-card-tier-three-values
EV-KP-product_attribute-storyboard-30s-dual-decoding,Q2-内容类型种子/_shared-narrative-engines-v0.1.md,§J.3 字段语义映射标准,视频型 CT 读法（默认）：0-5 秒 / 5-10 秒 / 10-22 秒 / 22-30 秒 四段分镜内容（画面 / 声音 / 动作序列） 文案型 CT 读法（例外）：文案执行骨架四段式 —— ① 钩子标题 / ② 正文节奏 / ③ 视觉分层 / ④ CTA 或留白 实现层（Skill 层 / AI prompt 组装）解码提示：读字段前按 ContentType.production_mode + ContentType.output_format（视频 / 文案）分支；视频型走分镜解析器；文案型走文案骨架解析器；两套解析器共享字段名，解码逻辑在 Skill 层分叉,explicit_business_decision,direct_quote,domain_general,KP-product_attribute-storyboard-30s-dual-decoding
EV-KP-product_attribute-troop-facing-register-five-fields,Q2-内容类型种子/_shared-narrative-engines-v0.1.md,§H.5 兵团向口径,"类型：ContentType 受众切换口径 (audience register switching protocol) 5 字段映射：北极星 (north_star) / 服装行业钩子 (apparel_hook) / 实拍可行性 (shooting_feasibility) / 红线 (red_lines) / AI 辅助边界 (ai_boundary) —— 这 5 个字段在""兵团向""语境下读法与""消费者向""不同 作用：当 ContentType 受众是""内部员工 / 学员 / 加盟商""而非""消费者""时，5 字段语义自动切换 可扩展性裁决：用户 2026-04-14 裁决：可扩展到其他内",explicit_business_decision,direct_quote,domain_general,KP-product_attribute-troop-facing-register-five-fields
EV-KP-training_unit-ai-tone-banned-list-veto,Q2-内容类型种子/_shared-narrative-engines-v0.1.md,§H.1 α 层 9 种 AI 腔禁用清单,"类型：跨 ContentType 负面样板库 覆盖范围：所有 18 个 ContentType 在 AI 生成时强制查表 / 优先级最高的""一票否决""层 作用：AI 生成内容时，命中清单中任一条 → 直接拒绝输出，要求重写 维护原则：清单条目只在共享层维护 / 单 CT 文件不复制清单内容 / 避免漂移 使用方式：任何 ContentType 的 §F AI 辅助边界段在 v0.2 回写时引用本清单：参见共享层 H.1 α 清单",explicit_business_decision,direct_quote,domain_general,KP-training_unit-ai-tone-banned-list-veto
EV-KP-training_unit-engine-vs-play-by-cross-ct-test,Q2-内容类型种子/_shared-narrative-engines-v0.1.md,本文件是什么 + §D 矩阵范围说明 + §I 候选引擎登记规则,"""玩法""是具体的、属于某个 ContentType 的（例如""衣椅倒叙日记""属于 personal_vlog） ""引擎""是抽象的、可被多个 ContentType 复用的（例如""反讽对位叙事""可以用在 personal_vlog / humor_content / outfit_of_the_day / knowledge_sharing 等多个 ContentType 里） 18 份 ContentType 的 ~130 张 C3 玩法卡中，只有约 35 张调用共享引擎（约 27% 覆盖率）/ 矩阵即使扩到 18 列也只能反映约 1/4 的玩法 / 73% 的 CT 独有玩法本就不在矩阵范围",explicit_business_decision,direct_quote,domain_general,KP-training_unit-engine-vs-play-by-cross-ct-test
EV-KP-training_unit-grounding-over-polish-default,Q2-内容类型种子/_shared-narrative-engines-v0.1.md,§E 趋势 1 + 趋势 4.2,"TikTok 2026 趋势报告明确指出 ""polished 内容正被 grounding 内容取代"" 55% 的社交用户更信任人类创作内容 56% 用户频繁看到 ""AI slop"" 低质内容——品牌需要在效率和真实性之间找到平衡 personal_vlog / lifestyle_expression / daily_fragment 的 C1 主流玩法（精致流水账 / 金句宣言）已全部被趋势判死 对笛语平台的启示：AI 不应该生成'看起来很 AI'的内容——宁可给用户少一些选项，也不给模板化套路 2025 年最有效的服装品牌内容竞争力公式：""朴素设备 × 非凡视角 × 真实情感""",explicit_business_decision,direct_quote,domain_general,KP-training_unit-grounding-over-polish-default
EV-KP-training_unit-shared-layer-registration-not-rewrite,Q2-内容类型种子/_shared-narrative-engines-v0.1.md,版本记录 v0.1.4 + v0.1.5 + G7/G8 落盘说明,"G7 选项 B 落盘（用户裁决执行）：仅登记回写，未触碰 batch 1 两份文件正文内容（用户明确要求""登记缺失 ≠ 内容扩写""） G8 落盘（batch 3 G4 立即同步原则执行）：仅登记 §F 接入——5 份 batch 3 文件正文已在落盘时直接写入""调用共享引擎""字段，本次仅完成总账登记 本次同步未触碰 batch 3 五份文件正文——文件内的""调用共享引擎""字段已在落盘时直接写入，本次仅在共享层 §F 完成总账登记 H 节维护原则（H.1 / H.3）：清单条目只在共享层维护 / 单 CT 文件不复制清单内容 / 避免漂移",explicit_business_decision,direct_quote,domain_general,KP-training_unit-shared-layer-registration-not-rewrite
EV-KP-product_attribute-enterprise-narrative-six-section-shell,Q2-内容类型种子/企业叙事类GPT5.4.md,全文 6 个一级章节（founder_ip / role_work_vlog / event_documentary / product_journey / process_trace / behind_the_scenes）共享的固定子章节结构,"每一类（如 founder_ip 第 1 节）都包含： ""**北极星：** ……"" + ""### 主流玩法（已被用烂）"" + ""### 进阶玩法（少数高手在用）"" + ""### 突破性玩法（还没人这么干，但可能成立）"" + ""### 服装行业垂直加成"" + ""### 一定不行的玩法"" + ""### 制作难度判断"" 6 个一级章节结构完全一致，证明这是企业叙事内容生产的固定字段壳。",structural_pattern,structural_induction,domain_general,KP-product_attribute-enterprise-narrative-six-section-shell
EV-KP-training_unit-enterprise-narrative-anti-ai-tone,Q2-内容类型种子/企业叙事类GPT5.4.md,"6 类企业叙事各自的""主流玩法（已被用烂）""小节 + 各自的""为什么烂""标注","""为什么烂：观众接收到的是'结论'，不是'这个人'；像 PPT 口播，AI 最容易模仿。""（founder_ip 玩法 1） ""为什么烂：只有任务，没有张力；只有'我很忙'，没有'我为什么这样做'。""（founder_ip 玩法 2） ""为什么烂：太像客服升级版；观众感受到的是'应付质疑'，不是'人格魅力'。""（founder_ip 玩法 3） （process_trace / behind_the_scenes / product_journey 等章节的""主流玩法""小节均有同型""为什么烂""判断）",explicit_business_decision,direct_quote,domain_general,KP-training_unit-enterprise-narrative-anti-ai-tone
EV-KP-training_unit-enterprise-narrative-object-witness-over-talking-head,Q2-内容类型种子/企业叙事类GPT5.4.md,founder_ip 突破玩法 1（旧样衣审判庭）+ behind_the_scenes 突破玩法 3（边角料主视角）+ process_trace 突破玩法（只拍手 / 一刀之前的静止 / 被拦下来的那一件）,"""镜头一开始不是拍老板本人，而是拍一件被压在柜子最底层的旧样衣……让观众先听到布料摩擦声、拉链声、衣架轻撞桌面的声音。""（founder_ip 突破玩法 1） ""把幕后里最不起眼的东西当'主角'：别针、衣架、透明胶、蒸汽熨斗……让物件承担品牌气质。""（behind_the_scenes 突破玩法 3） ""服装行业最大的机会，是把'美'的反面拍出来：蒸汽、皱褶、别针、搬箱、返袋、选图争执、临时救场。""",structural_pattern,structural_induction,domain_general,KP-training_unit-enterprise-narrative-object-witness-over-talking-head
EV-KP-training_unit-enterprise-narrative-north-star-first,Q2-内容类型种子/企业叙事类GPT5.4.md,"6 类企业叙事每一类章节开头的""**北极星：** ……""段落","founder_ip：""**北极星：** 观众看完后，心里不是'这老板在卖货'，而是'这个人有判断、有代价、有性格，我愿意先信他，再信他的牌子'。"" role_work_vlog：""**北极星：** 观众看完后，不只是'知道这个岗位在干嘛'，而是对这个岗位产生尊重、对品牌产生体感信任……"" （event_documentary / product_journey / process_trace / behind_the_scenes 章节开头均有同型北极星语句）",structural_pattern,direct_quote,domain_general,KP-training_unit-enterprise-narrative-north-star-first
EV-clothing-as-emotional-medium-stance,Q2-内容类型种子/通用类deep-research-report.md & 通用类.md & 通用类compass.md,"deep-research-report.md ""Clothing as emotional medium"" 章节 + 三份 md 的 5 类 ContentType 各章服装角色描述","deep-research-report.md：clothing is not the product being sold — it is the visual language through which human stories are told. The garment can function as identity marker, emotional carrier, relationship connector, temporal marker, and sensory experience. 通用类compass.md（每节末""服装角色""小节）：服装在这里是""动作伙伴""/""被",cross_source_consensus,low,domain_general,KP-product_attribute-clothing-as-emotional-medium-stance
EV-content-type-three-tier-maturity,Q2-内容类型种子/通用类.md & 通用类compass.md & 通用类deep-research-report.md,"三份 md 的章节结构本身（每个 ContentType 都按""主流玩法-进阶玩法-突破性玩法""三段组织）",通用类.md（5 个 ContentType 全部）：主流玩法（已被用烂）/ 进阶玩法（少数高手在用）/ 突破性玩法（还没人这么干，但可能成立）三段式标题。 通用类compass.md：主流玩法（已被用烂）/ 进阶玩法（少数高手在用）/ 突破性玩法（原创设想，可成立）。 deep-research-report.md：from template-saturated mainstream (已被用烂) to documented advanced techniques (进阶) to executable breakthrough proposals (突破性).,structural_pattern,low,domain_general,KP-product_attribute-content-type-three-tier-maturity
EV-concrete-action-over-adjective,Q2-内容类型种子/通用类.md & 通用类compass.md & 通用类deep-research-report.md,"三份 md 的""具体场景替代泛泛夸赞""""感官动词写作""""体感测评""""触感型文案""","通用类.md：不是写""舒服""，而是写""坐一下午不会一直偷偷扯腰头""；不是写""适合秋冬""，而是写""早晚温差大的那两小时，它最有用""。Shopify 强调要写清楚顾客会在什么场景使用产品，避免""excellent quality""这类空泛表述。 通用类compass.md：Journal of Consumer Research 研究指出在带货语境中使用感官语言会提升互动与购买意愿，其机制与""更真实/更像真的用过""相关。 deep-research-report.md：The ""holy trinity"" of cliché: 显瘦, 百搭, 高级感. Template sentence stru",cross_source_consensus,low,domain_general,KP-training_unit-concrete-action-over-adjective
EV-content-template-saturation-anti-pattern,Q2-内容类型种子/通用类.md & 通用类compass.md & 通用类deep-research-report.md,"三份 md 的""主流玩法（已被用烂）""全段","通用类.md：所有词都可替换，几乎任何一条都能套到另一件衣服上；AI 最容易复制的，就是这种""形容词堆叠 + 参数播报""。 通用类compass.md：模板口播+同款BGM+同款剪辑，AI 最容易复刻；AI 工具现在正在放大模板问题。 deep-research-report.md：The overused formats are overused precisely because they're easy to template — and AI makes templating even easier, accelerating homogeneity. The winning move",cross_source_consensus,low,domain_general,KP-training_unit-content-template-saturation-anti-pattern
EV-kuleshov-context-driven-emotion-edit,Q2-内容类型种子/通用类.md & 通用类compass.md & 通用类deep-research-report.md,"三份 md 的""情绪盲测试穿""""同一张脸的三种结局""""情绪的剪辑学（Kuleshov/POV式情绪投射）""""rhythm disruption 错拍""","通用类compass.md：这种做法利用了电影研究里讨论的""剪辑上下文会改变观众对情绪的解读""的现象（Kuleshov effect）。同一张脸在不同情境镜头的夹击下，会被观众读出不同情绪。 通用类compass.md：它用""结构""制造情绪，而不是用""表演""索取共情；更难被AI模板化。 deep-research-report.md：Rhythm disruption (节奏打破): 翻转生对比，对比生反差，反差生情绪能量. The ""错拍"" fashion video: model freezes, hold for 3 full seconds…The disruption breaks ",cross_source_consensus,low,domain_general,KP-training_unit-kuleshov-context-driven-emotion-edit
EV-objection-clearing-over-selling-points,Q2-内容类型种子/通用类.md & 通用类compass.md & 通用类deep-research-report.md,"三份 md 的""只拍犹豫不拍优点""""把详情页第一页写成反对意见清单""""反促销宣言""""反种草测评""""错误先发生再倒回去重来""","通用类.md：把详情页第一页写成反对意见清单：""怕白色太透。""""怕直筒裤坐下卡胯。""""怕针织上身两小时就热。"" 每句下面是一个很小的实拍证据图或 6 秒短动图——不再由品牌定义卖点，而是由用户的担忧来组织页面。服装购买的最大障碍从来不是""用户看不懂审美""，而是""用户怕踩雷""。 通用类compass.md：用""不要买""开头：不适合谁、哪儿会翻车、你可能会后悔什么；最后才给替代买法。它把""信任""放在第一位：先把坏消息说干净。 deep-research-report.md：Reformation uses subject lines like ""DRUNK ON A WEEKNIGHT"" and ",cross_source_consensus,low,domain_general,KP-training_unit-objection-clearing-over-selling-points
EV-relational-witness-over-monologue,Q2-内容类型种子/通用类.md & 通用类compass.md & 通用类deep-research-report.md,"三份 md 的""关系型测评让第二个人来拆穿你""""门店视角的关系短片""""情绪不是悲伤是被关系轻轻扶了一下""""mom's official review""","通用类.md：单人测评容易像自说自话；第二个真实关系人的介入，会把""审美判断""变成""社会判断""。POV: my mom's official review of this haul 这类玩法之所以有效，是因为观众更信""家里人会怎么说""。 通用类.md：今天来店里的人都不露脸，只留下""关系碎片""：一对母女的两只手在同一件外套上停了一下；店员蹲下帮顾客整理裤脚……门店像一个观察者。 通用类.md：情绪不是悲伤，是被关系轻轻扶了一下；妈妈把外套搭到你椅背上、同事把你忘在店里的水杯递过来。",cross_source_consensus,low,domain_general,KP-training_unit-relational-witness-over-monologue
EV-silence-as-pattern-interrupt,Q2-内容类型种子/通用类.md & 通用类compass.md & 通用类deep-research-report.md,"三份 md 的""无口播触感测评""""门店无对白节奏片""""SOP ASMR""""沉默叙事""""白空间海报""",deep-research-report.md：Silence over soundtrack — ambient sound beats emotional music in creating genuine resonance. 85% of social media videos are watched without sound. Silent vloggers see up to 300% growth in views. 通用类compass.md：低语/无语段落+物体声之所以可能成立，是因为营销研究者也注意到 unboxing 里常有几乎不说话、只录开箱声的片段。 通用类.md：,cross_source_consensus,low,domain_general,KP-training_unit-silence-as-pattern-interrupt
EV-tactile-cue-language-online-compensation,Q2-内容类型种子/通用类.md & 通用类compass.md & 通用类deep-research-report.md,"三份 md 的""触感型文案+触觉暗示画面""""感官动词写作""""触感法庭""""sound design as emotional architecture""","通用类.md：研究显示，在线零售里，带有触觉暗示的视觉语言能在一定程度上补偿""摸不到""的缺失，影响购买意愿。([PMC]) 通用类compass.md：Journal of Consumer Research 的研究指出，在带货语境中使用感官语言会提升互动与购买意愿；感官营销综述强调视觉、触觉想象、嗅觉/听觉线索都能影响广告效果与记忆。 deep-research-report.md：Fashion stores have untapped ASMR potential: fabric being unrolled from a bolt, scissors cutting through s",cross_source_consensus,low,domain_general,KP-training_unit-tactile-cue-language-online-compensation
EV-KP-product_attribute-content-type-north-star-behind-scenes,Q2-内容类型种子/behind_the_scenes-交付物-v0.1.md,§A 北极星 + §C1 + §E 红线,"A. 北极星：观众看完心里产生""原来你们也会手忙脚乱、也会临时救火、也会笑场， 但正因为这样我更喜欢你们""的亲近感——""这家公司愿意把不完美给我看""。 compass：从""拍摄花絮""到""治愈系 ASMR 补货日""——幕后即内容，不是正片附属品。 E7：只展示光鲜一面，缺乏真实的运营困难和情感波动。",explicit_business_decision,direct_quote,domain_general,KP-product_attribute-content-type-north-star-behind-scenes
EV-KP-product_attribute-content-type-north-star-daily-fragment,Q2-内容类型种子/daily_fragment-交付物-v0.1.md,§A + §C1 + §E + §F,"A. 北极星：观众看完会觉得""原来普通生活不是没内容，是没人会这样看""—— 产生""这就是我的生活""式共鸣，情绪被轻轻托住。 E7：剪映""一键成片""让所有人的碎片看起来一模一样。 F 核心判断：碎片有没有灵魂，全看创作者有没有观察到""微小但有意味""的瞬间—— ""选择逻辑""必须由人决定，否则必然模板化。",explicit_business_decision,direct_quote,domain_general,KP-product_attribute-content-type-north-star-daily-fragment
EV-KP-product_attribute-content-type-north-star-outfit-of-the-day,Q2-内容类型种子/outfit_of_the_day-交付物-v0.1.md,§A + §C1 + §D + §E + §F,"A. 北极星：不只是""这套衣服好看""，而是""我明白这套穿搭在表达什么， 我能想象自己穿上以后的状态""——对审美和品牌建立长期记忆。 F 核心判断：OOTD 最核心的""今天为什么这样穿""，只能从真实生活里长出来。 与试点版差异：商业化风险最高——OOTD 是最容易滑向""硬广 / 种草""的 ContentType。",explicit_business_decision,direct_quote,domain_general,KP-product_attribute-content-type-north-star-outfit-of-the-day
EV-KP-product_attribute-content-type-north-star-personal-vlog,Q2-内容类型种子/personal_vlog-交付物-v0.1.md,§A + §B5 + 与 daily_fragment 差异,"A. 北极星：观众看完不是""我知道你今天干了什么""，而是""我陪这个人过了一小段真实生活， 对他产生真实好感与信任，愿意继续跟着他""。 compass_artifact：算法在奖励""有灵魂的内容""而非""有套路的内容""； 观众接收的应该是""你这个人""，不是""通用漂亮""。 daily_fragment 差异点：personal_vlog 有""一天的连续感""，daily_fragment 是""不连续的瞬间集合""。",explicit_business_decision,direct_quote,domain_general,KP-product_attribute-content-type-north-star-personal-vlog
EV-KP-product_attribute-content-type-north-star-role-work-vlog,Q2-内容类型种子/role_work_vlog-交付物-v0.1.md,§A + 与 founder_ip 边界 + §B5,"A. 北极星：观众看完不只是""知道这个岗位在干嘛""，而是对这个岗位产生尊重、 对品牌产生体感信任，甚至开始觉得""原来一件衣服背后站着的是一群有手感和判断的人""。 与 founder_ip 边界：观众记住的是""这个老板真会犹豫、真会扛"" → founder_ip； 观众记住的是""版师/主理人这个岗位到底怎么改版"" → role_work_vlog。 对 role_work_vlog 的含义：观众要接住的是""岗位的智力和手感""，不是""这个人的人格""。",explicit_business_decision,direct_quote,domain_general,KP-product_attribute-content-type-north-star-role-work-vlog
EV-KP-service_judgment-store-daily-three-required-elements,Q2-内容类型种子/store_daily-交付物-v0.1.md,本文件与 batch 1/2 的关键差异 §1 + §3,"硬边界三要素自检（三选二必达）： ① 店铺空间——画面中至少有 50% 时间出现门店可辨识空间； ② 商品道具——服装门店特有物件至少出现 3 次以上； ③ 员工工作节点——至少包含一个真实零售运营动作。 三选二必达 → 归 store_daily ; 只命中一个或零个 → 应归 personal_vlog 或 daily_fragment。 和 founder_ip 的区别：即使老板本人出镜，只要观众记住的是""这家店""而不是""这个老板""，就归 store_daily。",explicit_business_decision,direct_quote,domain_general,KP-service_judgment-store-daily-three-required-elements
EV-KP-training_unit-emotion-expression-9-ai-tone-banlist,Q2-内容类型种子/emotion_expression-交付物-v0.1.md,§E-α 9 种 AI 腔禁用清单 + §G G1,"使用方式：AI 在生成 emotion_expression 时，先做负面匹配——如果生成结果命中下面任一模式，必须重写而非微调 本清单不是""建议避免""，而是 AI 生成 emotion_expression 时必须执行的硬约束——命中任一项则拒绝生成，要求重构 G1 升共享层（横切 M6 无损并入）：已升级为共享层 §H.1 α-Layer 9 AI-Tone Banned List 跨 CT 负面样板库 / 优先级最高的""一票否决""层 跨 CT 复用清单：humor_content / lifestyle_expression / daily_fragment / personal_vlo",explicit_business_decision,direct_quote,domain_general,KP-training_unit-emotion-expression-9-ai-tone-banlist
EV-KP-training_unit-emotion-expression-truth-3-questions-prepublish,Q2-内容类型种子/emotion_expression-交付物-v0.1.md,§双层真实性防御 β + §G G2/G5,"β 层——「真实感三问自检」作为 C2/C3 每张玩法卡的必答项：告诉生产者""做对的要同时满足 3 个锚点""——正面锚定 三问任一答'不' → 这条不应该作为 emotion_expression 发布。可以降级到 humor_content / lifestyle_expression / daily_fragment G2 仅在情绪敏感 CT 使用（不强制扩散）：β 真实感三问自检保留在本 CT 内部 / 不强制扩散到 product_copy_general 与 training_material G5 发布前 (Pre-Publish)：β 真实感三问自检在发布前作为最后一道校验 / ",explicit_business_decision,direct_quote,domain_general,KP-training_unit-emotion-expression-truth-3-questions-prepublish
EV-KP-training_unit-event-documentary-failure-perspective,Q2-内容类型种子/event_documentary-交付物-v0.1.md,§C C3-7 + §D 第 3 条,"不拍展会的光鲜场面，而拍无人问津的展位 / 首日零订单的焦虑 / 布展翻车的瞬间 / 大促备货后卖不动的仓库 真实困难比虚假成功更有共鸣——观众接住的是""这家品牌真的在扛过"" 服装行业是少数""敢展示失败就能赢信任""的行业之一 与 founder_ip C2-2 反向透明、role_work_vlog C3-2 岗位失误博物馆 共同构成""企业叙事类的失败叙事三件套""",explicit_business_decision,direct_quote,domain_general,KP-training_unit-event-documentary-failure-perspective
EV-KP-product_attribute-content-type-north-star-founder-ip,Q2-内容类型种子/founder_ip-交付物-v0.1.md,§A 北极星 + §C1 + §E 红线 + 差异点对比,"A. 北极星：观众看完后心里不是""这老板在卖货""，而是""这个人有判断、有代价、有性格， 我开始相信这家公司是由一个真实的人在做真实的事，我愿意把信任先预支给他、再预支给他的牌子""。 C1 主流玩法在服装行业 founder_ip 场景下危害尤其大——不仅无效，还会反向伤害品牌（定价敏感+精英感警惕）。 笛语平台对 founder_ip 的 C1 档应该强默认禁用，比个人创作类更严格。 E1：把创始人拍成""上帝视角导师""——一开口就是行业大词、人生哲学、品牌使命，没有任何具体物件、具体代价。",explicit_business_decision,direct_quote,domain_general,KP-product_attribute-content-type-north-star-founder-ip
EV-KP-product_attribute-content-type-north-star-knowledge-sharing,Q2-内容类型种子/knowledge_sharing-交付物-v0.1.md,§A + §C1 + §E + §D,"A. 北极星：观众看完不只是""我听懂了""，而是""我终于被一个真实懂的人讲明白了， 并且把你归类为可信、讲得清楚、愿意讲真话的人""。 compass：算法在奖励""有灵魂的内容""而非""有套路的内容""；知识分享最核心的区别是有没有""为什么是你来讲""。 B9：知识不是""老师在讲""而是""事故在发言""；知识长在手上（身体掌握 ≠ 嘴上念）。 E1：3 个技巧教会你…… 但没有任何现场证据。",explicit_business_decision,direct_quote,domain_general,KP-product_attribute-content-type-north-star-knowledge-sharing
EV-KP-product_attribute-content-type-north-star-talent-showcase,Q2-内容类型种子/talent_showcase-交付物-v0.1.md,§A + §C1 + §E,"A. 北极星：观众看完不只是""你很厉害""，而是""你的能力有个性、有温度、能留下你这个人""—— 感到能力可信、可持续，并愿意把你当作""值得追随的人""。 compass：从""技术炫耀""到""世界观构建""。 E3：把才艺拍成炫耀，观众只会敬而远之。 E4：只给炫技不给人格——观众很快滑走。",explicit_business_decision,direct_quote,domain_general,KP-product_attribute-content-type-north-star-talent-showcase
EV-KP-product_attribute-content-type-north-star-training-material,Q2-内容类型种子/training_material-交付物-v0.1.md,§A + §⚠️ 兵团向口径 + §C1,"A. 北极星：员工 / 加盟商看完后，不是""觉得讲得不错""，而是""下次真碰到场景时， 脑子里会自动跳出正确动作""——我不困 / 我知道下一班 / 下一单怎么做 / 我能记住关键点 / 我愿意照做。 通用类compass：90% of training content is forgotten within 6 months——培训的真实问题不是 ""员工不认真""，而是""内容本身不可调用""。 §4 兵团向 3 个核心原则：① 看懂 ≠ 会做 ② 先做判断再给答案 ③ 微学习 + 即时资源。",explicit_business_decision,direct_quote,domain_general,KP-product_attribute-content-type-north-star-training-material
EV-KP-styling_rule-behind-scenes-invisible-completion-cost,Q2-内容类型种子/behind_the_scenes-交付物-v0.1.md,§C2-2 + §A,"C2-2：比如谁在熨衣服、谁在捡地上的胶带、谁在搬箱子、谁在重新别吊牌、谁在把试衣间弄干净、 谁在拍摄结束后把衣服一件件装回袋子。 因为你把""看不见的完成成本""拍出来了，观众自然会尊重；真正有效的 BTS 往往不是更漂亮， 而是更接近""现实中的完成成本""。 备注：品牌 BTS 内容越来越被当成独立内容线，而非附属品。",explicit_play_card,direct_quote,domain_general,KP-styling_rule-behind-scenes-invisible-completion-cost
EV-KP-styling_rule-old-sample-as-error-archive,Q2-内容类型种子/founder_ip-交付物-v0.1.md,§C3-1 + §B9 + §D,"C3-1 服装行业钩子：⭐⭐⭐⭐ 服装行业独占优势——服装是唯一能做这种玩法的行业， 因为""旧样衣""本身就是人格化错误档案。别的行业没有这种具象的""失败物件""。 备注：打破""老板一定要往前讲、往上讲、往成功讲""的套路——它往后看、往错看、往羞耻感里看。 B9：旧样衣 = 人格化错误档案 / 老板过去版本的尸检报告。 §D 三个未被开发角度 1：""身体化判断的人""——他/她对衣服的下意识动作，本身就是人格内容。 别的行业的 founder 内容很容易停在抽象理念，服装行业却天然拥有可拍的证据链。",explicit_business_decision,direct_quote,domain_general,KP-styling_rule-old-sample-as-error-archive
EV-KP-styling_rule-talent-showcase-micro-skill-hundred-reps,Q2-内容类型种子/talent_showcase-交付物-v0.1.md,§C3-2 + §D 微技能打磨,"C3-2：不只拍成品，而拍""某个小动作越来越准""的过程。你反复系同一条丝巾、反复把衬衫塞进裤腰、 反复把外套披上肩头，前几次都怪，最后一次刚刚好。观众从""哦你会""变成""哦你练过""——接住专业感和耐心。 分镜：第一次歪 / 第二次结太小 / 第三次太松 / 第四五六次连续快切 / 最后一次 slow-motion 收紧 + 字幕""第 17 次""。 打破""才艺=结果""，改成""才艺=控制力""。",explicit_play_card,direct_quote,domain_general,KP-styling_rule-talent-showcase-micro-skill-hundred-reps
EV-KP-training_unit-error-first-then-correct-replay,Q2-内容类型种子/training_material-交付物-v0.1.md,§C3-1,"C3-1：视频一开头先给员工看一个小事故：顾客问""这个会不会显胯"" / 店员立刻回答""不会不会特别显瘦"" / 顾客表情立刻冷掉。画面停住 / 字幕""问题不是你说错 / 是你说太快""。然后倒回去 / 重演第二遍： 店员先问""你平时更在意胯还是腿型"" / 再根据回答推荐。 员工接住的不是""背话术"" / 而是""判断顺序的重要性""——传统培训总想先给正确答案 / 这个玩法先让员工感到错 / 再让正确动作进入记忆。 学习机制：Error-driven learning + Desirable difficulty。",explicit_play_card,direct_quote,domain_general,KP-training_unit-error-first-then-correct-replay
EV-KP-training_unit-event-documentary-long-term-tier-discipline,Q2-内容类型种子/event_documentary-交付物-v0.1.md,实拍可行性基线 + §C C3-6 玩法分级 long_term,"单条内容在 4 小时内，但整场事件可能跨越数日——素材采集阶段允许更长时间，剪辑成品必须收敛到单条 4 小时标准 🏷️ 玩法分级 (v0.2 M3 / J.1)：long_term（长期型）—— 素材采集需 3 天 / 单条成片 ≤ 4 小时 / 进入默认调用池 / 元数据标""长期"" 这是企业叙事类里第 2 次使用""单条合规但素材采集跨天""的策略（第 1 次是 talent_showcase C3-7 的 100 天挑战）——归类为""长期积累型""",explicit_business_decision,direct_quote,domain_general,KP-training_unit-event-documentary-long-term-tier-discipline
EV-KP-training_unit-humor-content-brand-tone-gate-for-puppetry,Q2-内容类型种子/humor_content-交付物-v0.1.md,§C C3-5 🎨 品牌调性提示 + §G G2/G3,"🎨 品牌调性提示 (v0.2 G2 用户裁决补)：适合调性：活泼 / 街头 / 年轻 / 童趣（Activate / Street / Young / Playful）；不适合调性：极简 / 高端定制 / 冷感（Minimal / Haute-Couture / Cold）—— AI 生成时按品牌 Persona 调性自动判断是否调用本卡 G2 B. 保留 + 加品牌调性提示：已在 C3-5 卡片下方追加""🎨 品牌调性提示""行 / AI 生成时按品牌 Persona 自动判断 G3 A. 不做品牌分级：自嘲方向对所有品牌开放 / 不在红线 §E 增加""高端品牌慎用""条款 / 由创作者自担风险",explicit_business_decision,direct_quote,domain_general,KP-training_unit-humor-content-brand-tone-gate-for-puppetry
EV-KP-training_unit-humor-content-clothing-as-persona-switch,Q2-内容类型种子/humor_content-交付物-v0.1.md,§C C3-2 + §D 第 2 条,"镜头固定，你站在门口，只通过加减一件外套、背包、鞋子、眼神和站姿，在 2 秒内切换成三个完全不同的人 没有复杂特效，只要切点够准。笑点来自身份落差，而不是台词 服装在这里不是美化，而是人格开关——服装行业做这种内容天生占优 ""服装作为人格开关""（C3-2）——一件外套切换三种社会身份，服装行业独占优势",explicit_business_decision,direct_quote,domain_general,KP-training_unit-humor-content-clothing-as-persona-switch
EV-KP-training_unit-lifestyle-expression-old-defines-premium,Q2-内容类型种子/lifestyle_expression-交付物-v0.1.md,§C C3-5 + §D 第 3 条,"开场是把一件穿了很久的外套摊在桌上：袖口起球、内衬磨亮、口袋边缘有一条自己缝的线 观众接住""高级不是更新，是陪伴""——对服装品牌会转化为""值得信赖的耐用与价值观"" 可自然引出""耐穿 / 可修补 / 售后 / 环保""而不尬——""repair / 旧物故事""叙事方向，降维到手机与个人生活的尺度 这一条和反消费主义 / 长期主义品牌叙事同构，是极少数能直接引出""耐穿 / 可修补""卖点而不尬的玩法 ""以旧为高级""——反消费主义高级感是下一个窗口",explicit_business_decision,direct_quote,domain_general,KP-training_unit-lifestyle-expression-old-defines-premium
EV-KP-training_unit-lifestyle-expression-values-via-rejection,Q2-内容类型种子/lifestyle_expression-交付物-v0.1.md,§C C3-1 + §D 第 2 条,"不拍""我怎样生活""，而拍""我今天拒绝了什么""：拒绝在外面多待一会儿提前回家 / 拒绝外卖哪怕只煮一碗面 / 拒绝为了好看硬穿一双不舒服的鞋 观众接住的是边界感、秩序感、自我尊重 打破""生活方式靠购买和拥有来表达""的套路，改成靠选择和舍弃来表达 服装是""价值观筛子""——舒适优先、场合优先、心情优先，各自代表不同生活方式 把衣服当作价值观的行为接口——你怎么叠衣服、怎么修补、怎么在不同场景穿同一件基础款，都是比""口播主张""更可信的生活态度输出",explicit_business_decision,direct_quote,domain_general,KP-training_unit-lifestyle-expression-values-via-rejection
EV-KP-training_unit-process-trace-stop-the-bad-one-builds-trust,Q2-内容类型种子/process_trace-交付物-v0.1.md,§A + §C C3-3 + §C C1-1 反例,"""我愿意相信你没有骗我"" 大多数品牌只愿意拍""合格品""，但真正能建立信任的，是拍那件被拦下来的衣服 认真不是把好的拿出来炫，而是把""不够好的""挡在外面——接住品牌的边界感 最致命的是那句""严格把控""太空——在透明焦虑的行业里，""看似公开、实则空泛""的展示难以说服 打破工艺内容永远只展示""漂亮流程""的套路，用淘汰建立信任",explicit_business_decision,direct_quote,domain_general,KP-training_unit-process-trace-stop-the-bad-one-builds-trust
EV-KP-training_unit-sop-asmr-procedural-memory,Q2-内容类型种子/training_material-交付物-v0.1.md,§C3-4,"C3-4：把""标准动作""拍成无口播的手部操作短片：蒸烫 / 折叠 / 装袋 / 贴标 / 封口。 全程只有环境音与动作声 / 画面只在关键步骤出现 1-2 个字（例如""对齐""""放平""""封口""）。 打破""培训必须讲很多""的惯性 / 改成""让手记住""。 学习机制：Procedural memory + Sensory learning（程序性记忆 + 感官学习）—— 传统培训依赖陈述性记忆（背流程 / 背话术），本玩法切换到程序性记忆。",explicit_play_card,direct_quote,domain_general,KP-training_unit-sop-asmr-procedural-memory
EV-KP-training_unit-talent-showcase-rescue-not-show-off,Q2-内容类型种子/talent_showcase-交付物-v0.1.md,§A + §C C3-1 + §B9,"观众看完不只是""你很厉害""，而是""你的能力有个性、有温度、能留下你这个人""——感到能力可信、可持续，并愿意把你当作""值得追随的人"" 不说""我会什么""，而拍""今天遇到一个小问题，我的才艺刚好派上用场"" 观众最后会自然得出结论：""这人真有两下子""——接住的是有用、有温度的能力 打破""才艺展示必须正面炫技""的套路 才艺作为社交媒介 ≠ 展示标签；才艺作为救场工具 ≠ 炫技；才艺作为关系外溢 ≠ 个人封闭",explicit_business_decision,direct_quote,domain_general,KP-training_unit-talent-showcase-rescue-not-show-off
EV-KP-product_attribute-content-type-north-star-emotion-expression,Q2-内容类型种子/emotion_expression-交付物-v0.1.md,§A + §C1 + §B5,"A. 北极星：观众看完后，心里不是""这句话真会写""，而是""这感觉你居然也知道""—— 不是一个结论被砸下来，而是一个没说出口的感受被轻轻接住。我被看见了， 我愿意把自己的情绪也放出来（点赞 / 评论 / 转发 / 收藏），我对这个人 / 这个品牌产生了更深层的情感连接。 通用类compass：情绪资产（Emotional assets）—— 情绪共鸣内容矩阵是品牌留存与溢价的底层设计。 C1-2 备注：Barnum effect（巴纳姆效应）——""模糊的情绪陈述让所有人都觉得是在说自己""是典型 AI 批量生产陷阱。",explicit_business_decision,direct_quote,domain_general,KP-product_attribute-content-type-north-star-emotion-expression
EV-KP-product_attribute-content-type-north-star-process-trace,Q2-内容类型种子/process_trace-交付物-v0.1.md,§A + §C1 + §E + 与 product_journey 边界,"A. 北极星：观众看完不只是""知道工艺步骤""，而是""我愿意相信你没有骗我""—— 对""这件衣服为什么值得被认真对待""产生身体层面的理解， 甚至觉得：原来品质不是一句话，是一连串不能偷懒的动作。 C1-3 备注：手机时代的可信往往来自""原生、可触达""，而非豪华制作。 E6：把溯源拍成广告大片——越精致越不透明。 最核心反套路：反""走进工厂的宣传片""。",explicit_business_decision,direct_quote,domain_general,KP-product_attribute-content-type-north-star-process-trace
EV-KP-product_attribute-content-type-north-star-product-copy-general,Q2-内容类型种子/product_copy_general-交付物-v0.1.md,§A + §C1 + §E + α 改良版专章,"A. 北极星：观众看完后，不是""知道这件衣服的参数""，而是 ""在脑子里提前穿过一次、犹豫过一次、相信过一次""——文字和视觉一起把 ta 带进了一个 具体的身体感受和使用时刻，ta 愿意把它加入自己的生活。 特殊形态标记：本 CT 是文案型 ContentType，不是视频型——玩法卡的「30 秒分镜参考」字段按 α 改良版语义扩展，读作「文案执行骨架」。 compass §3：AI 工具正在放大模板问题——以规模生产""高端大气上档次""通用文案——这正是笛语必须用不同方式解决的问题。 F 核心判断：禁止生成命中 §E 任一条的文案——这是用负面清单约束 AI 的典型用法。",explicit_business_decision,direct_quote,domain_general,KP-product_attribute-content-type-north-star-product-copy-general
EV-KP-product_attribute-content-type-north-star-product-journey,Q2-内容类型种子/product_journey-交付物-v0.1.md,§A + §C1 + §E + 与 process_trace 边界,"A. 北极星：观众看完不是""这是一件突然出现在货架上的衣服""，而是 ""这是一段被反复推敲、被试错、被等待过的东西——我理解它为什么长这样，并愿意为这个价值付费""。 最核心反套路：反""从草图到成品的爽片""。独占价值：差一点做成别的样子——判断轨迹。 compass：从""线性流水账""到""一粒纽扣的旅程""——微物叙事比全景叙事更有冲击力。 C3-1 备注：把产品从""灵感结果""还原成""带冲突的选择过程""。",explicit_business_decision,direct_quote,domain_general,KP-product_attribute-content-type-north-star-product-journey
EV-KP-product_attribute-content-type-north-star-product-review,Q2-内容类型种子/product_review-交付物-v0.1.md,§A 北极星 + §C1 + §双角色标签机制,"A. 北极星：观众看完后，不是""知道这件衣服有什么参数""，而是 ""我已经在脑子里提前穿过一次、犹豫过一次、相信过一次""—— 风险已经看清、信任已经建立、购买决策的心理阻力已经被消解。 通用类deep-research-report.md：我已经把风险看清了 / 值不值 / 怎么买最不踩坑 / 我也愿意相信这个人。 C1 全档默认禁用：转圈念优缺点 / 7 秒换装快剪 / 开箱即结论。",explicit_business_decision,direct_quote,domain_general,KP-product_attribute-content-type-north-star-product-review
EV-KP-product_attribute-pcg-five-voice-archetypes,Q2-内容类型种子/product_copy_general-交付物-v0.1.md,§B8 + §G G2 + §D,"B8 声音原型（voice archetypes）—— 来自 compass 的关键概念： 主理人叙事体（""我做这件衣服时在想..."" 第一人称 / 有创始人性格） 诗意留白体（NEIWAI 风 / 高留白 + 克制比喻） 工艺叙述体（远家 YUANJIA 风 / 技术术语 + 朴素表达） 反讽诚实体（Fashion Brand Company / Reformation 风 / 把缺点先说出口） 判断同盟体（Patagonia ""Don't Buy This Jacket"" 风 / 反向命令 + 价值观） G2 用户裁决：5 种声音原型矩阵升级为共享层 §H.3 5 Voice Archet",explicit_business_decision,direct_quote,domain_general,KP-product_attribute-pcg-five-voice-archetypes
EV-KP-styling_rule-daily-fragment-no-face-traces,Q2-内容类型种子/daily_fragment-交付物-v0.1.md,§C3-2,"C3-2：整条内容不拍脸，只拍生活留下的痕迹：椅背上的外套、刚摘下的耳环、收银台边的一杯水、 试衣间地上的纸袋、回家后放下的钥匙、洗过的衬衫在窗边滴水。 观众不会觉得""信息不足""，反而更想靠近，因为人是通过痕迹出现的——接住一种更私密、更可信的存在感。 服装天然是最容易留下痕迹的物件：衣架上的空位、刚脱下的针织、试穿留下的褶皱。 打破""日常碎片必须有自拍和本人出镜""的套路。",explicit_play_card,direct_quote,domain_general,KP-styling_rule-daily-fragment-no-face-traces
EV-KP-styling_rule-emotion-expression-clothes-as-emotion-vessel,Q2-内容类型种子/emotion_expression-交付物-v0.1.md,§C3-1 + §A + §D,"C3-1：镜头从回家开始。主角一句话不说，只是把外套从肩上慢慢脱下来 / 搭在椅背上 / 过一会儿又拿起来抱在怀里坐着。背景只有电饭煲跳闸声 / 楼下车声 / 微信提示音但不看。 字幕极少，只在最后出现一行：""今天没有崩溃，只是一直没空掉下来。"" 这时候那件衣服不是商品也不是穿搭，而是""今天所有没被接住的情绪容器""。 服装行业钩子⭐⭐⭐⭐⭐：服装是情绪载体而非主角商品——这是服装行业独占的""让衣服替主人活着""的叙事空间。 §D：❌ ""这件针织很温柔"" → ✅ ""有些人会把外套留在你椅背上""。",explicit_play_card,direct_quote,domain_general,KP-styling_rule-emotion-expression-clothes-as-emotion-vessel
EV-KP-styling_rule-ootd-clothes-remember-today,Q2-内容类型种子/outfit_of_the_day-交付物-v0.1.md,§C3-3,"C3-3：从拍""穿上它""改成拍""它怎么被今天留下痕迹""：早上平整的裤线到下午坐久后的褶皱； 刚出门时笔挺的衬衫到晚上领口松掉一点；包带在肩上压出的痕迹；牛仔裤膝盖处的弯曲。 最后把衣服挂起来，OOTD 才真正完整。 服装行业钩子⭐⭐⭐：对服装品牌极有杀伤力——天然把""耐看、耐穿、会呼吸""这类隐性价值拍出来。 打破""OOTD 只拍穿上那一刻""的套路。",explicit_play_card,direct_quote,domain_general,KP-styling_rule-ootd-clothes-remember-today
EV-KP-styling_rule-pcg-moment-over-category,Q2-内容类型种子/product_copy_general-交付物-v0.1.md,§C3-1 + §G G3 + §C3-4,"C3-1 一句话定义：整张海报或详情页首屏，不写""亚麻衬衫""，而写 ""下午 5:40，下楼拿外卖时你懒得换衣服，也不想看起来像刚睡醒""。 服装行业钩子：⭐⭐⭐⭐⭐ 服装是最适合按""时刻""卖的品类—— 服装服务的是人进入社会场景的瞬间 / 其他品类没有这种""时刻 - 商品""的天然绑定。 备注：打破""先给品类名再给卖点的电商惯性 / 先给生活入口再给产品解释""。 G3 用户裁决：接客场景首屏允许""延迟揭示""作为一种表达叙事形式 / 不强制首屏必须给品类名。",explicit_business_decision,direct_quote,domain_general,KP-styling_rule-pcg-moment-over-category
EV-KP-styling_rule-process-trace-rejected-garment,Q2-内容类型种子/process_trace-交付物-v0.1.md,§C3-3 + §E5 + §B9,"C3-3 一句话定义：大多数品牌只愿意拍""合格品""，但真正能建立信任的， 是拍那件被拦下来的衣服。 北极星映射：认真不是把好的拿出来炫，而是把""不够好的""挡在外面——接住品牌的边界感。 服装行业钩子：⭐⭐⭐⭐ 服装行业极适合用""被拒绝的成衣""做内容——观众很少被允许看到这个环节。 备注：打破工艺内容永远只展示""漂亮流程""的套路，用淘汰建立信任。 B9：被拦下的衣服 = 品牌的边界感（知道什么不该被卖出去）。 E5：只展示完美流程，不展示任何被否决、被返工、被拦下的东西。",explicit_business_decision,direct_quote,domain_general,KP-styling_rule-process-trace-rejected-garment
EV-KP-styling_rule-process-trace-single-hard-fake-step,Q2-内容类型种子/process_trace-交付物-v0.1.md,§C2-1 + §D 角度 1,"C2-1 一句话定义：不试图拍全流程，而只拍一个最容易看出真假的节点。 服装行业钩子：⭐⭐⭐⭐ 服装行业最适合做""难伪装步骤""——对花 / 缝线 / 回弹 / 肩线 / 收口都是品质差异集中爆发的节点。 备注：compass 特别指出""knowing is the new owning""——年轻观众着迷的， 不只是""知道在哪做""，而是""知道怎么做、为什么这样做""。 §D 角度 1：最有爆相的方向不是全流程旅游片，而是对花、回弹、拦货、不可逆动作前的停顿——单点深拍比全流程更有说服力。",explicit_business_decision,direct_quote,domain_general,KP-styling_rule-process-trace-single-hard-fake-step
EV-KP-styling_rule-product-journey-sample-version-tree,Q2-内容类型种子/product_journey-交付物-v0.1.md,§C2-1 + §C3-1 + §B9 + §D,"C2-1 北极星映射：让产品从""灵感结果""变成""判断轨迹""——轨迹比结论更有说服力。 服装行业钩子：⭐⭐⭐ 服装是最适合做""版本树""的行业——每次微调都肉眼可见。 备注：Instagram 上 sample day / sample unboxing / founder diaries / from sketch to sample 都在证明 观众愿意看""产品并不是一次做对""的过程。 B9：样衣 = 判断轨迹 / 差一点做成别的样子。 §D 角度 1：让观众看到差一点做成别的样子——这是其他行业很少能做的""判断轨迹""展示。",explicit_business_decision,direct_quote,domain_general,KP-styling_rule-product-journey-sample-version-tree
EV-KP-training_unit-knowledge-not-teacher-but-event,Q2-内容类型种子/knowledge_sharing-交付物-v0.1.md,§C3-1 + §B9 + §D,"C3-1 北极星映射：观众接住的是""啊，这个错误我也会犯""，于是愿意继续看—— 知识不是老师在讲，而是事故在发言。 服装非常适合错误教学：错误搭配、错误面料认知、错误洗护、错误版型选择。 打破""知识内容必须正确、完整、体面地铺陈""的套路。 §D 角度 2：错误教学——服装行业错误案例（错搭/错洗护/错版型）库存极大。",explicit_business_decision,direct_quote,domain_general,KP-training_unit-knowledge-not-teacher-but-event
EV-KP-training_unit-product-review-anti-filter-pledge,Q2-内容类型种子/product_review-交付物-v0.1.md,§C2-1 + §C1-3 备注 + §B5,"C2-1 备注：""反滤镜宣言""是进阶测评的信任地基—— 原相机 / 自然光 / 不拉腿 / 不美颜四项自述一旦缺失， 下面的所有体感测评都失去可信度。 C1-3 备注：部分穿搭测评账号甚至在口播里反复强调""原相机 / 不拉腿 / 不美颜""—— 恰恰说明""造假""已是行业默认怀疑，对照表式测评最容易触发这种怀疑。 C1-1 备注：Interface Fashion 报告——MCN 管理的测评博主造成严重内容同质化。",explicit_business_decision,direct_quote,domain_general,KP-training_unit-product-review-anti-filter-pledge
EV-KP-styling_rule-product-journey-vs-process-trace-boundary,Q2-内容类型种子/product_journey-交付物-v0.1.md,§与 process_trace 的边界,"product_journey（本文件）和 process_trace（工艺溯源）在服装行业容易混淆。边界如下： - 叙事重心：设计决策的历程 vs 生产工艺的可验证 - 北极星：这件衣服不是突然出现在货架上的 vs 我愿意相信你没有骗我 - 时间：从灵感到上市的完整判断链 vs 从原料到成衣的物理变化链 - 关键证据：失败样衣 / 改版纸条 / 样衣对比 vs 面料测试 / 缝线特写 / 车间实况 - 最核心反套路：反""从草图到成品的爽片"" vs 反""走进工厂的宣传片"" 生活化例子：讲""我们为什么把袖口改了 5 次""→ product_journey； 讲""这块纯棉面料如何经过 3 次水洗仍",explicit_business_decision,direct_quote,domain_general,KP-styling_rule-product-journey-vs-process-trace-boundary
EV-KP-product_attribute-compatibility-matrix-two-layer-truth-source,Q4-人设种子/phase-3-Q4-Persona-ContentType-Platform兼容矩阵.md,§1.1 + §1.2 + §9.1,"一层真源 + 一层派生视图。 真源层：(:Persona)-[:COMPATIBLE_WITH {support, risk, reason}]->(:ContentType)。 平台维度：承接 Q3 (:System)-[:SUPPORTS_PLATFORM {tier}]->(:PlatformTone / :PrivateOutletChannel)， 不新建 ContentType × Platform 或 Persona × Platform 关系边。 派生视图层：Persona × ContentType × Platform/Channel，由真源层 + Q3 真源临时组合计算，",explicit_business_decision,direct_quote,domain_general,KP-product_attribute-compatibility-matrix-two-layer-truth-source
EV-KP-product_attribute-compatibility-edge-support-risk-reason-shell,Q4-人设种子/phase-3-Q4-Persona-ContentType-Platform兼容矩阵.md,§2.1 + §2.2 + §2.3 + §9.2,"support: now | enhanced | custom | unsupported risk: low | medium | high reason: string，可选（当 support != ""now"" 时建议说明原因） now=默认可用 / enhanced=补充配置后可用 / custom=品牌级 / 特殊场景 / unsupported=不建议 low=常规风险可默认放行 / medium=表达偏差或风格偏移建议提示 / high=品牌/真实性/平台错位风险高不应默认放行",explicit_business_decision,direct_quote,domain_general,KP-product_attribute-compatibility-edge-support-risk-reason-shell
EV-KP-product_attribute-compatibility-derived-view-combination-formula,Q4-人设种子/phase-3-Q4-Persona-ContentType-Platform兼容矩阵.md,§6.1 + §6.2 + §6.3 + §七,support=now × tier=P0_native → 默认可用 support=now × tier=P1_light_adapt → 补充配置后可用 support=enhanced × tier=P0_native → 补充配置后可用 support=enhanced × tier=P1_light_adapt → 补充配置后可用 support=custom × 任意 tier → 品牌级 / 特殊场景 support=unsupported × 任意 tier → 不建议 任意 support × tier=P2_cross_post_only → 补充配置后可用（转发提示） ,explicit_business_decision,direct_quote,domain_general,KP-product_attribute-compatibility-derived-view-combination-formula
EV-KP-product_attribute-compat-matrix-truth-source-layering,Q4-人设种子/phase-3-Q4-Persona-ContentType-Platform兼容矩阵.md,§1.1 + §1.2 + §9.1,"一层真源 + 一层派生视图。 真源层：(:Persona)-[:COMPATIBLE_WITH {support, risk, reason}]->(:ContentType) 平台维度：承接 Q3 (:System)-[:SUPPORTS_PLATFORM {tier}]->(:PlatformTone / :PrivateOutletChannel)， 不新建 ContentType × Platform 或 Persona × Platform 关系边。 派生视图层：Persona × ContentType × Platform/Channel，由真源层 + Q3 真源临时组合计算，不",explicit_business_decision,direct_quote,domain_general,KP-product_attribute-compat-matrix-truth-source-layering
EV-KP-product_attribute-platform-tone-vs-private-outlet-channel-parallel,Q4-人设种子/phase-3-Q4-Persona-ContentType-Platform兼容矩阵.md,§1.3 + §3.3,"1.3：公域分发位（有算法分发）→ PlatformTone / 私域出口位（无算法分发，靠强关系链）→ PrivateOutletChannel； ""平台""是描述性统称，不是新引入的实体类型，不写入图谱。具体对象仍以 Q3 真源中的 PlatformTone / PrivateOutletChannel 两个并列实体为准。 3.3：在服装零售实际场景里，sales_associate 挂接 styling_advisor 以后，最核心的分发战场之一不是只有公域平台， 而是：朋友圈 / 微信群 / 私信触达 / 一对一转发；如果 Q4 兼容矩阵只覆盖公域平台，就会把导购这条最强转化链路从系统视",explicit_business_decision,direct_quote,domain_general,KP-product_attribute-platform-tone-vs-private-outlet-channel-parallel
EV-KP-service_judgment-derived-view-risk-inherits-from-source-edge,Q4-人设种子/phase-3-Q4-Persona-ContentType-Platform兼容矩阵.md,§6.1 第4步 + §6.3 示例2,"6.1 派生公式（冻结建议）第 4 步：最终展示档的风险位继承真源层的 risk。 6.3 示例 2：风险来自人设 × 内容组合，平台无法挽救 —— product_professional × humor_content = support: custom, risk: high； 抖音 = tier: P0_native；派生结果：即使平台 tier=P0_native，因为 support=custom → 品牌级 / 特殊场景； 风险继承为 high。业务解释：问题不在平台，而在""专业人设 × 幽默表达""的角色错位风险。",explicit_business_decision,direct_quote,domain_general,KP-service_judgment-derived-view-risk-inherits-from-source-edge
EV-KP-service_judgment-product-review-concerns-clearance-on-spot,Q2-内容类型种子/product_review-交付物-v0.1.md,§C3-2 + 备注 + 北极星 + B5,"C3-2：整条视频只讲犹豫点——这件白衬衫我本来怕透 / 这条裤子我本来怕显胯 / 这件针织我本来怕扎。 每个""怕""都给一个小测试：窗边逆光看透不透 / 侧身站着看胯 / 手臂贴脸颊看扎不扎。 前 20 秒都没有说""好""，只是一直验证""原来没我想的那么糟""。 最后留一句""如果你和我怕的是同几件事，这件可以进试衣间""。 备注·接客场景的专属用法：店员站在店内顾客旁边，拿出同款现场做 3 个顾虑测试—— 顾客""我怕这个肩太硬""→ 店员让她侧身在镜前看 2 秒 → 真实反馈。 这是笛语在接客场景下最强的转化工具。 服装钩子：消费者真正卡住的就是透/勒/皱/闷/短/显壮/难搭——服装独有的""心理阻力图",explicit_play_card,direct_quote,domain_general,KP-service_judgment-product-review-concerns-clearance-on-spot
EV-KP-styling_rule-behind-scenes-parallel-split-screen,Q2-内容类型种子/behind_the_scenes-交付物-v0.1.md,§C3-2,"C3-2：剪映里做最简单的分屏：左边放最终看起来很顺的那 1 秒；右边放这 1 秒外面发生了什么。 比如左边是模特优雅转身，右边是有人蹲在地上帮忙拉裙摆、有人举手机当补光、有人喊""等一下风来了""。 不是在""曝光狼狈""，而是在让观众同时看见品牌的体面和体面背后的笨拙努力—— 接住""所谓好看，是很多普通人一起托出来的""。 服装拍摄、上新、门店内容都特别适合做这个——""画面内优雅/画面外救火""的反差天然强。 备注：与 event_documentary C3-3 ""后台手忙脚乱 vs 台前只拍半个结果"" 的区别： event 版是错位展示（台前半个+后台完整），本玩法是同步并置（分屏同时呈现）。",explicit_play_card,direct_quote,domain_general,KP-styling_rule-behind-scenes-parallel-split-screen
EV-KP-styling_rule-behind-scenes-store-soundprint,Q2-内容类型种子/behind_the_scenes-交付物-v0.1.md,§C3-4,"C3-4：全片不靠画面热闹，只用""店的声音""：卷帘门、门铃、衣架、扫码、剪吊牌、熨烫蒸汽、 纸袋摩擦、试衣间门、拉链、关灯。画面只给极近景，像在听一座小型装置艺术。 服装行业声音密度高且独特——声纹能变成品牌识别资产。 备注：本卡聚焦空间声纹而非工作动作 / 材质本身。ASMR 家族 7 entries 跨 6 个 ContentType。",explicit_play_card,direct_quote,domain_general,KP-styling_rule-behind-scenes-store-soundprint
EV-KP-styling_rule-daily-fragment-fixed-corner-time-fold,Q2-内容类型种子/daily_fragment-交付物-v0.1.md,§C3-1,"C3-1：手机放在同一个角度，连续 5-7 天拍某个固定时刻：回家推门进来的 5 秒、 店里开灯前的 10 秒、晚上脱鞋坐下的 6 秒。没有""大事""，但每天动作、穿着、包的摆放、 表情、进门速度都不一样。 服装会自然成为时间变化的证据：同一个人这几天为什么穿得更松、更紧、更轻、更硬。 打破""碎片必须多地点、多画面、多切换""的套路。 🏷️ 玩法分级：long_term —— 需 5-7 天连续素材 / 单次拍摄合规 / 系列需长期运营。 与 personal_vlog 差别：连续性——前者有""一天的连续感""，daily_fragment 是""不连续的瞬间集合""。",explicit_play_card,direct_quote,domain_general,KP-styling_rule-daily-fragment-fixed-corner-time-fold
EV-KP-styling_rule-daily-fragment-sensory-sort-not-time,Q2-内容类型种子/daily_fragment-交付物-v0.1.md,§C3-3,"C3-3：从""今天最软的东西""开始：袖口、蒸汽、头发、傍晚光； 然后是""今天最吵的东西""：拉链、地铁、店门、手机震动；最后是""今天终于安静的那一秒""。 观众接住的是体感，而不是行程。 服装钩子：布料本来就有触感和声音，非常适合做体感排序。 打破""碎片内容一定是时间顺序""的套路。",explicit_play_card,direct_quote,domain_general,KP-styling_rule-daily-fragment-sensory-sort-not-time
EV-KP-styling_rule-daily-fragment-single-chair-time-fold,Q2-内容类型种子/daily_fragment-交付物-v0.1.md,§C3-5,"C3-5：手机固定拍一把椅子或店里的试衣凳。早上椅子上是一件外套；中午是一杯喝到一半的咖啡； 傍晚是一只购物袋；夜里是一盏小灯照着空椅子。每次出现你都只露出手：把东西放下、停两秒、又拿走。 观众不会看到你的行程，但会在脑子里补完""你的一天""——接住""我也有一把椅子装着我的一天""。 服装钩子：服装作为""情绪载体""出现（外套 = 出门的勇气）——极适合做品牌的温柔叙事。 打破""碎片必须多地点""，用单地点做时间结构。",explicit_play_card,direct_quote,domain_general,KP-styling_rule-daily-fragment-single-chair-time-fold
EV-KP-styling_rule-ootd-micro-suspense-decision-chain,Q2-内容类型种子/outfit_of_the_day-交付物-v0.1.md,§C3-4 + §C1-3,"C3-4：开头 2 秒只露出袖口，上面有一粒很小的线头。字幕：""今天我为什么换了三次衣服？""（不解释）。 手机震动 → 你换成第二套；店里镜前发现第二套会走光 → 换第三套。 全片不说""显瘦显高""，只让观众跟着你解决真实问题。 服装钩子：品牌卖点被转译为""解决场景问题""（不走光 / 好活动 / 不闷热）——比参数更有说服力。 打破""穿搭=展示""，把穿搭拍成""决策过程""。 C1-3 备注：抖音巨量引擎 2024 报告——一旦系统化就意味着烂大街。",explicit_play_card,direct_quote,domain_general,KP-styling_rule-ootd-micro-suspense-decision-chain
EV-KP-styling_rule-ootd-route-fitness-not-display,Q2-内容类型种子/outfit_of_the_day-交付物-v0.1.md,§C3-1 + §E3/E4 + §D,"C3-1：不是站镜前展示，而是跟着这套衣服走完整条路线：早上骑车为什么外套要能挡风、 进店为什么要能卷袖子、下午试衣时为什么鞋子不能太累、晚上和朋友见面为什么把头发放下后这套突然更松。 服装行业最该狠狠干的一条路——把 OOTD 从""展示搭配""升级成""展示生活适配""。 E3：用""显瘦/高级/氛围感""这种空词顶替真正的体感和场景。 E4：满屏 SKU 字幕、像报菜名。 服装行业最大的未开发空间，不是继续卷""搭配公式""，而是把穿搭拍成：路线、功能、身份、关系、时间痕迹。",explicit_play_card,direct_quote,domain_general,KP-styling_rule-ootd-route-fitness-not-display
EV-KP-training_unit-behind-scenes-near-disaster-narrative,Q2-内容类型种子/behind_the_scenes-交付物-v0.1.md,§C2-1 + §E5,"C2-1：不是把所有幕后碎片都塞进来，而是抓住一个差点翻车的点： 光线不对、模特迟到、衣服没熨平、店里突然来客、拍到一半下雨。 ""有问题，才有戏""——幕后不是素材残渣，而是解决问题的过程。 观众获得""参与感""，并理解品牌为什么这样呈现。 E5 红线：""故意制造幕后冲突""来博眼球——会让观众觉得你在演戏。",explicit_play_card,direct_quote,domain_general,KP-training_unit-behind-scenes-near-disaster-narrative
EV-KP-training_unit-ootd-anti-hard-ad-discipline,Q2-内容类型种子/outfit_of_the_day-交付物-v0.1.md,§E3 + §E4 + §E6 + 与试点版差异 + 北极星,"E3：用""显瘦/高级/氛围感""这种空词顶替真正的体感和场景。 E4：满屏 SKU 字幕、像报菜名。 E6：把 OOTD 拍成赤裸硬广（强口播购买指令）。 与试点版差异：商业化风险最高—OOTD 是最容易滑向""硬广 / 种草""的 ContentType， 需要最强的红线约束。 北极星：观众接住的不是 SKU，而是审美与品牌的长期记忆。",explicit_business_decision,direct_quote,domain_general,KP-training_unit-ootd-anti-hard-ad-discipline
EV-KP-service_judgment-product-review-tactile-court-three-piece-compare,Q2-内容类型种子/product_review-交付物-v0.1.md,§C3-3 + 备注 + 共享引擎 #11,"C3-3：镜头固定在桌面俯拍，整条视频几乎不说话——只有衣料摩擦/拉伸/扣子碰撞/拉链""咔哒""声。 你像""法官""一样把同类三件衣服摆成三份""证据""：同为白 T / 同为卫衣 / 同为西装裤。 三段测试（回弹/抬手/贴麦声音）后给一句裁决：""如果你讨厌起球，今天只选 2 号""。 服装钩子：服装在这里是""声音媒介+触觉媒介""——最适合讲面料/工艺/辅料差异 （尤其是""看起来差不多但价格差很大""的品类）。 备注·接客场景最强用法：店内两个犹豫的客人选两件相似品，店员现场做 30 秒触感法庭—— 声音和触感胜过一切口播，这是店内最强转化工具。 调用共享引擎 #11 ASMR 感官沉浸。",explicit_play_card,direct_quote,domain_general,KP-service_judgment-product-review-tactile-court-three-piece-compare
EV-KP-training_unit-product-review-fabric-detective-spec-party,Q2-内容类型种子/product_review-交付物-v0.1.md,§C2-3 + 备注 + §D 角度二,"C2-3：不从""显瘦/百搭""入手，而从""你买到的到底是什么""入手—— 成分/织法/克重手感/易皱程度/起球风险/缩水风险。翻开洗标、讲面料成分、做揉搓回弹测试、讲工艺细节。 把测评从""审美意见""切换到""信息服务""——降低了""你只是身材好所以好看""的反感点； 科普表达更不怕""没口才""，更适配普通人。 服装钩子：服装行业独占优势——服装是可被微观拆解的商品。 备注：这个玩法对不擅长口播的创作者特别友好——术语可以写在字幕里，不需要镜头前滔滔不绝。 §D 角度二：面料/工艺/辅料的微观叙事——把这些拍成可验证证据链是其他品类无法复制的内容护城河。",explicit_play_card,direct_quote,domain_general,KP-training_unit-product-review-fabric-detective-spec-party
